"","controller","condition","item","accuracy","rt","subject","group"
"28","PictureAccept","Unambiguous",2,0,2401,"Native 1","Native"
"44","PictureAccept","Unambiguous",10,1,2273,"Native 1","Native"
"76","PictureAccept","Unambiguous",12,1,2502,"Native 1","Native"
"84","PictureAccept","Unambiguous",8,1,2667,"Native 1","Native"
"92","PictureAccept","Unambiguous",4,1,1857,"Native 1","Native"
"132","PictureAccept","Ambiguous",1,1,2394,"Native 1","Native"
"148","PictureAccept","Ambiguous",3,1,1593,"Native 1","Native"
"152","PictureAccept","Ambiguous",9,0,3146,"Native 1","Native"
"160","PictureAccept","Unambiguous",6,1,1594,"Native 1","Native"
"164","PictureAccept","Ambiguous",5,1,1690,"Native 1","Native"
"168","PictureAccept","Ambiguous",7,1,2364,"Native 1","Native"
"184","PictureAccept","Ambiguous",11,1,1249,"Native 1","Native"
"240","PictureAccept","Unambiguous",9,1,2130,"Native 2","Native"
"252","PictureAccept","Unambiguous",7,1,5141,"Native 2","Native"
"256","PictureAccept","Unambiguous",5,1,1906,"Native 2","Native"
"300","PictureAccept","Ambiguous",8,1,8563,"Native 2","Native"
"320","PictureAccept","Ambiguous",10,1,3326,"Native 2","Native"
"332","PictureAccept","Unambiguous",1,1,4714,"Native 2","Native"
"344","PictureAccept","Ambiguous",12,0,1670,"Native 2","Native"
"368","PictureAccept","Ambiguous",2,1,2325,"Native 2","Native"
"392","PictureAccept","Unambiguous",11,1,1854,"Native 2","Native"
"396","PictureAccept","Ambiguous",6,1,1507,"Native 2","Native"
"432","PictureAccept","Ambiguous",4,1,3703,"Native 2","Native"
"448","PictureAccept","Unambiguous",3,1,928,"Native 2","Native"
"460","PictureAccept","Unambiguous",8,1,1970,"Native 3","Native"
"472","PictureAccept","Ambiguous",3,1,3219,"Native 3","Native"
"492","PictureAccept","Ambiguous",9,0,2915,"Native 3","Native"
"520","PictureAccept","Unambiguous",12,1,1652,"Native 3","Native"
"560","PictureAccept","Unambiguous",2,1,2112,"Native 3","Native"
"572","PictureAccept","Ambiguous",1,1,2168,"Native 3","Native"
"576","PictureAccept","Unambiguous",4,1,1491,"Native 3","Native"
"592","PictureAccept","Unambiguous",6,1,2093,"Native 3","Native"
"600","PictureAccept","Ambiguous",11,1,1350,"Native 3","Native"
"616","PictureAccept","Unambiguous",10,1,1766,"Native 3","Native"
"620","PictureAccept","Ambiguous",7,1,1970,"Native 3","Native"
"668","PictureAccept","Ambiguous",5,1,1440,"Native 3","Native"
"696","PictureAccept","Ambiguous",12,0,1137,"Native 4","Native"
"716","PictureAccept","Ambiguous",10,1,718,"Native 4","Native"
"724","PictureAccept","Ambiguous",2,0,1475,"Native 4","Native"
"744","PictureAccept","Ambiguous",4,1,1347,"Native 4","Native"
"764","PictureAccept","Unambiguous",5,1,751,"Native 4","Native"
"768","PictureAccept","Unambiguous",11,1,1367,"Native 4","Native"
"772","PictureAccept","Ambiguous",6,0,1402,"Native 4","Native"
"804","PictureAccept","Unambiguous",7,0,1532,"Native 4","Native"
"828","PictureAccept","Unambiguous",3,1,2186,"Native 4","Native"
"844","PictureAccept","Unambiguous",9,1,1207,"Native 4","Native"
"856","PictureAccept","Ambiguous",8,1,1122,"Native 4","Native"
"880","PictureAccept","Unambiguous",1,1,858,"Native 4","Native"
"936","PictureAccept","Unambiguous",10,0,3164,"Native 5","Native"
"968","PictureAccept","Ambiguous",1,0,2565,"Native 5","Native"
"984","PictureAccept","Ambiguous",11,1,2784,"Native 5","Native"
"992","PictureAccept","Ambiguous",9,1,3920,"Native 5","Native"
"1000","PictureAccept","Unambiguous",8,0,7518,"Native 5","Native"
"1036","PictureAccept","Ambiguous",5,1,3015,"Native 5","Native"
"1044","PictureAccept","Unambiguous",12,1,2174,"Native 5","Native"
"1060","PictureAccept","Ambiguous",7,1,1661,"Native 5","Native"
"1076","PictureAccept","Ambiguous",3,1,1221,"Native 5","Native"
"1092","PictureAccept","Unambiguous",4,1,947,"Native 5","Native"
"1108","PictureAccept","Unambiguous",6,1,1142,"Native 5","Native"
"1120","PictureAccept","Unambiguous",2,1,1196,"Native 5","Native"
"1160","PictureAccept","Ambiguous",10,1,1686,"Native 6","Native"
"1164","PictureAccept","Ambiguous",2,0,1239,"Native 6","Native"
"1176","PictureAccept","Ambiguous",4,1,903,"Native 6","Native"
"1184","PictureAccept","Unambiguous",9,1,1055,"Native 6","Native"
"1188","PictureAccept","Unambiguous",7,1,1046,"Native 6","Native"
"1232","PictureAccept","Unambiguous",3,1,925,"Native 6","Native"
"1268","PictureAccept","Ambiguous",12,1,1133,"Native 6","Native"
"1280","PictureAccept","Unambiguous",11,1,758,"Native 6","Native"
"1284","PictureAccept","Ambiguous",6,1,902,"Native 6","Native"
"1296","PictureAccept","Ambiguous",8,0,1011,"Native 6","Native"
"1328","PictureAccept","Unambiguous",1,0,977,"Native 6","Native"
"1332","PictureAccept","Unambiguous",5,0,1636,"Native 6","Native"
"1390","PictureAccept","Ambiguous",1,0,2079,"Native 7","Native"
"1402","PictureAccept","Unambiguous",8,1,1870,"Native 7","Native"
"1426","PictureAccept","Ambiguous",3,1,1561,"Native 7","Native"
"1430","PictureAccept","Ambiguous",11,1,3620,"Native 7","Native"
"1438","PictureAccept","Ambiguous",5,1,2245,"Native 7","Native"
"1446","PictureAccept","Ambiguous",7,0,3774,"Native 7","Native"
"1482","PictureAccept","Unambiguous",6,1,2282,"Native 7","Native"
"1522","PictureAccept","Ambiguous",9,0,3921,"Native 7","Native"
"1534","PictureAccept","Unambiguous",4,1,2817,"Native 7","Native"
"1554","PictureAccept","Unambiguous",10,1,1219,"Native 7","Native"
"1558","PictureAccept","Unambiguous",2,1,1886,"Native 7","Native"
"1562","PictureAccept","Unambiguous",12,0,1477,"Native 7","Native"
"1582","PictureAccept","Ambiguous",12,1,1999,"Native 8","Native"
"1598","PictureAccept","Unambiguous",9,1,4599,"Native 8","Native"
"1614","PictureAccept","Unambiguous",7,0,6894,"Native 8","Native"
"1622","PictureAccept","Ambiguous",8,1,4830,"Native 8","Native"
"1674","PictureAccept","Unambiguous",3,1,2426,"Native 8","Native"
"1682","PictureAccept","Ambiguous",4,1,1701,"Native 8","Native"
"1698","PictureAccept","Ambiguous",2,1,2712,"Native 8","Native"
"1718","PictureAccept","Unambiguous",5,1,2797,"Native 8","Native"
"1730","PictureAccept","Unambiguous",11,1,2219,"Native 8","Native"
"1762","PictureAccept","Ambiguous",10,0,5655,"Native 8","Native"
"1770","PictureAccept","Unambiguous",1,0,8151,"Native 8","Native"
"1778","PictureAccept","Ambiguous",6,1,1609,"Native 8","Native"
"1802","PictureAccept","Ambiguous",9,1,3627,"Native 9","Native"
"1806","PictureAccept","Ambiguous",1,1,1094,"Native 9","Native"
"1834","PictureAccept","Unambiguous",10,1,838,"Native 9","Native"
"1838","PictureAccept","Unambiguous",6,1,1159,"Native 9","Native"
"1854","PictureAccept","Ambiguous",7,1,2351,"Native 9","Native"
"1878","PictureAccept","Unambiguous",2,1,1116,"Native 9","Native"
"1906","PictureAccept","Ambiguous",11,1,1226,"Native 9","Native"
"1930","PictureAccept","Unambiguous",4,1,1001,"Native 9","Native"
"1942","PictureAccept","Unambiguous",12,1,3240,"Native 9","Native"
"1958","PictureAccept","Ambiguous",5,1,1038,"Native 9","Native"
"1962","PictureAccept","Unambiguous",8,1,1277,"Native 9","Native"
"2014","PictureAccept","Ambiguous",3,1,695,"Native 9","Native"
"2040","PictureAccept","Unambiguous",9,1,4744,"Native 10","Native"
"2048","PictureAccept","Ambiguous",4,1,3679,"Native 10","Native"
"2092","PictureAccept","Ambiguous",6,1,2844,"Native 10","Native"
"2112","PictureAccept","Ambiguous",10,1,4278,"Native 10","Native"
"2128","PictureAccept","Ambiguous",8,1,1350,"Native 10","Native"
"2136","PictureAccept","Unambiguous",1,1,3786,"Native 10","Native"
"2140","PictureAccept","Unambiguous",3,1,3461,"Native 10","Native"
"2148","PictureAccept","Unambiguous",11,1,4518,"Native 10","Native"
"2172","PictureAccept","Unambiguous",7,1,1863,"Native 10","Native"
"2180","PictureAccept","Ambiguous",12,1,4548,"Native 10","Native"
"2196","PictureAccept","Ambiguous",2,1,1921,"Native 10","Native"
"2224","PictureAccept","Unambiguous",5,1,1053,"Native 10","Native"
"2252","PictureAccept","Unambiguous",2,0,4438,"Native 11","Native"
"2308","PictureAccept","Unambiguous",6,1,2721,"Native 11","Native"
"2316","PictureAccept","Ambiguous",7,1,2877,"Native 11","Native"
"2332","PictureAccept","Ambiguous",1,1,1759,"Native 11","Native"
"2340","PictureAccept","Ambiguous",11,1,4122,"Native 11","Native"
"2348","PictureAccept","Ambiguous",5,1,2176,"Native 11","Native"
"2368","PictureAccept","Ambiguous",3,1,4151,"Native 11","Native"
"2388","PictureAccept","Unambiguous",8,1,2213,"Native 11","Native"
"2404","PictureAccept","Unambiguous",10,0,3774,"Native 11","Native"
"2424","PictureAccept","Ambiguous",9,1,5391,"Native 11","Native"
"2444","PictureAccept","Unambiguous",12,1,2965,"Native 11","Native"
"2452","PictureAccept","Unambiguous",4,1,2453,"Native 11","Native"
"2488","PictureAccept","Ambiguous",2,1,3153,"Native 12","Native"
"2504","PictureAccept","Unambiguous",3,1,1661,"Native 12","Native"
"2532","PictureAccept","Unambiguous",1,1,1600,"Native 12","Native"
"2536","PictureAccept","Ambiguous",8,1,1653,"Native 12","Native"
"2548","PictureAccept","Ambiguous",12,0,1502,"Native 12","Native"
"2552","PictureAccept","Ambiguous",4,1,1378,"Native 12","Native"
"2580","PictureAccept","Ambiguous",10,1,2963,"Native 12","Native"
"2584","PictureAccept","Unambiguous",9,1,905,"Native 12","Native"
"2604","PictureAccept","Ambiguous",6,1,1157,"Native 12","Native"
"2612","PictureAccept","Unambiguous",5,1,932,"Native 12","Native"
"2676","PictureAccept","Unambiguous",11,1,1060,"Native 12","Native"
"2684","PictureAccept","Unambiguous",7,1,1055,"Native 12","Native"
"2698","PictureAccept","Ambiguous",1,1,3802,"Native 13","Native"
"2718","PictureAccept","Unambiguous",6,1,2852,"Native 13","Native"
"2742","PictureAccept","Ambiguous",7,0,1909,"Native 13","Native"
"2758","PictureAccept","Unambiguous",4,1,2880,"Native 13","Native"
"2786","PictureAccept","Ambiguous",11,0,1877,"Native 13","Native"
"2842","PictureAccept","Ambiguous",5,1,1554,"Native 13","Native"
"2850","PictureAccept","Unambiguous",2,1,3598,"Native 13","Native"
"2862","PictureAccept","Ambiguous",3,0,2434,"Native 13","Native"
"2878","PictureAccept","Unambiguous",12,0,2249,"Native 13","Native"
"2886","PictureAccept","Unambiguous",10,1,1921,"Native 13","Native"
"2902","PictureAccept","Ambiguous",9,1,1836,"Native 13","Native"
"2910","PictureAccept","Unambiguous",8,1,1088,"Native 13","Native"
"2924","PictureAccept","Unambiguous",5,1,3039,"Native 14","Native"
"2948","PictureAccept","Ambiguous",12,1,10281,"Native 14","Native"
"3000","PictureAccept","Ambiguous",10,1,2926,"Native 14","Native"
"3036","PictureAccept","Unambiguous",11,1,2093,"Native 14","Native"
"3052","PictureAccept","Ambiguous",2,1,1407,"Native 14","Native"
"3068","PictureAccept","Unambiguous",9,1,1631,"Native 14","Native"
"3072","PictureAccept","Unambiguous",3,1,883,"Native 14","Native"
"3084","PictureAccept","Ambiguous",4,1,1648,"Native 14","Native"
"3104","PictureAccept","Unambiguous",7,1,4778,"Native 14","Native"
"3108","PictureAccept","Unambiguous",1,1,2118,"Native 14","Native"
"3120","PictureAccept","Ambiguous",8,1,975,"Native 14","Native"
"3136","PictureAccept","Ambiguous",6,1,1143,"Native 14","Native"
"3150","PictureAccept","Ambiguous",3,1,3227,"Native 15","Native"
"3154","PictureAccept","Unambiguous",10,0,1239,"Native 15","Native"
"3190","PictureAccept","Ambiguous",7,0,2058,"Native 15","Native"
"3198","PictureAccept","Unambiguous",4,1,918,"Native 15","Native"
"3214","PictureAccept","Ambiguous",9,1,1550,"Native 15","Native"
"3238","PictureAccept","Unambiguous",8,1,1080,"Native 15","Native"
"3274","PictureAccept","Ambiguous",11,1,850,"Native 15","Native"
"3298","PictureAccept","Ambiguous",1,1,1101,"Native 15","Native"
"3302","PictureAccept","Unambiguous",12,1,802,"Native 15","Native"
"3306","PictureAccept","Unambiguous",2,1,1381,"Native 15","Native"
"3318","PictureAccept","Unambiguous",6,1,877,"Native 15","Native"
"3330","PictureAccept","Ambiguous",5,1,1237,"Native 15","Native"
"3382","PictureAccept","Ambiguous",2,1,3975,"Native 16","Native"
"3398","PictureAccept","Ambiguous",10,0,7689,"Native 16","Native"
"3402","PictureAccept","Ambiguous",6,1,1134,"Native 16","Native"
"3410","PictureAccept","Unambiguous",3,1,1455,"Native 16","Native"
"3426","PictureAccept","Ambiguous",4,1,2577,"Native 16","Native"
"3462","PictureAccept","Unambiguous",11,1,2712,"Native 16","Native"
"3502","PictureAccept","Unambiguous",7,1,4911,"Native 16","Native"
"3506","PictureAccept","Unambiguous",9,1,3107,"Native 16","Native"
"3510","PictureAccept","Ambiguous",8,1,1090,"Native 16","Native"
"3530","PictureAccept","Unambiguous",5,1,1758,"Native 16","Native"
"3538","PictureAccept","Ambiguous",12,1,2363,"Native 16","Native"
"3582","PictureAccept","Unambiguous",1,1,1990,"Native 16","Native"
"3616","PictureAccept","Unambiguous",10,1,1210,"Native 17","Native"
"3620","PictureAccept","Unambiguous",4,1,1510,"Native 17","Native"
"3632","PictureAccept","Ambiguous",5,1,1338,"Native 17","Native"
"3640","PictureAccept","Ambiguous",9,1,1272,"Native 17","Native"
"3648","PictureAccept","Unambiguous",2,0,1388,"Native 17","Native"
"3668","PictureAccept","Unambiguous",8,1,1729,"Native 17","Native"
"3676","PictureAccept","Ambiguous",7,1,976,"Native 17","Native"
"3680","PictureAccept","Unambiguous",12,1,1205,"Native 17","Native"
"3684","PictureAccept","Ambiguous",1,1,2068,"Native 17","Native"
"3692","PictureAccept","Ambiguous",11,1,1955,"Native 17","Native"
"3728","PictureAccept","Ambiguous",3,1,2766,"Native 17","Native"
"3752","PictureAccept","Unambiguous",6,1,1881,"Native 17","Native"
"3818","PictureAccept","Unambiguous",10,1,2276,"Native 18","Native"
"3854","PictureAccept","Unambiguous",4,1,1692,"Native 18","Native"
"3862","PictureAccept","Ambiguous",1,0,3266,"Native 18","Native"
"3886","PictureAccept","Unambiguous",6,1,2228,"Native 18","Native"
"3890","PictureAccept","Unambiguous",2,1,2422,"Native 18","Native"
"3938","PictureAccept","Ambiguous",3,1,1239,"Native 18","Native"
"3942","PictureAccept","Ambiguous",11,1,1486,"Native 18","Native"
"3966","PictureAccept","Ambiguous",5,1,1511,"Native 18","Native"
"3970","PictureAccept","Unambiguous",8,1,3674,"Native 18","Native"
"3978","PictureAccept","Ambiguous",7,1,2577,"Native 18","Native"
"3986","PictureAccept","Ambiguous",9,1,1408,"Native 18","Native"
"4006","PictureAccept","Unambiguous",12,1,1836,"Native 18","Native"
"4064","PictureAccept","Ambiguous",6,1,4337,"Native 19","Native"
"4092","PictureAccept","Ambiguous",4,1,11806,"Native 19","Native"
"4120","PictureAccept","Unambiguous",5,1,1619,"Native 19","Native"
"4124","PictureAccept","Ambiguous",8,1,9532,"Native 19","Native"
"4128","PictureAccept","Unambiguous",9,1,3698,"Native 19","Native"
"4132","PictureAccept","Unambiguous",1,0,6659,"Native 19","Native"
"4144","PictureAccept","Ambiguous",2,1,2437,"Native 19","Native"
"4152","PictureAccept","Unambiguous",3,1,2422,"Native 19","Native"
"4160","PictureAccept","Unambiguous",7,1,3327,"Native 19","Native"
"4200","PictureAccept","Unambiguous",11,1,1329,"Native 19","Native"
"4216","PictureAccept","Ambiguous",10,0,3762,"Native 19","Native"
"4220","PictureAccept","Ambiguous",12,1,1766,"Native 19","Native"
"4292","PictureAccept","Ambiguous",3,0,2430,"Native 20","Native"
"4336","PictureAccept","Unambiguous",10,0,2005,"Native 20","Native"
"4368","PictureAccept","Unambiguous",2,0,1944,"Native 20","Native"
"4372","PictureAccept","Unambiguous",6,0,1663,"Native 20","Native"
"4376","PictureAccept","Ambiguous",11,0,2289,"Native 20","Native"
"4392","PictureAccept","Ambiguous",5,1,1284,"Native 20","Native"
"4396","PictureAccept","Unambiguous",8,1,874,"Native 20","Native"
"4400","PictureAccept","Ambiguous",7,0,4462,"Native 20","Native"
"4416","PictureAccept","Unambiguous",12,1,1991,"Native 20","Native"
"4432","PictureAccept","Ambiguous",1,0,1053,"Native 20","Native"
"4444","PictureAccept","Ambiguous",9,0,1479,"Native 20","Native"
"4456","PictureAccept","Unambiguous",4,0,917,"Native 20","Native"
"4490","PictureAccept","Ambiguous",12,0,1722,"Native 21","Native"
"4522","PictureAccept","Unambiguous",5,1,1607,"Native 21","Native"
"4534","PictureAccept","Unambiguous",9,1,2371,"Native 21","Native"
"4538","PictureAccept","Unambiguous",1,1,3933,"Native 21","Native"
"4550","PictureAccept","Unambiguous",7,0,1221,"Native 21","Native"
"4554","PictureAccept","Ambiguous",6,0,2259,"Native 21","Native"
"4578","PictureAccept","Ambiguous",10,0,813,"Native 21","Native"
"4634","PictureAccept","Ambiguous",8,0,1858,"Native 21","Native"
"4646","PictureAccept","Ambiguous",4,0,1901,"Native 21","Native"
"4658","PictureAccept","Unambiguous",11,1,1858,"Native 21","Native"
"4682","PictureAccept","Ambiguous",2,0,3119,"Native 21","Native"
"4686","PictureAccept","Unambiguous",3,1,2087,"Native 21","Native"
"4730","PictureAccept","Unambiguous",4,1,3528,"Native 22","Native"
"4734","PictureAccept","Ambiguous",3,1,1128,"Native 22","Native"
"4742","PictureAccept","Ambiguous",1,0,1093,"Native 22","Native"
"4750","PictureAccept","Unambiguous",6,0,2563,"Native 22","Native"
"4758","PictureAccept","Unambiguous",2,1,2382,"Native 22","Native"
"4762","PictureAccept","Unambiguous",10,1,3090,"Native 22","Native"
"4806","PictureAccept","Ambiguous",11,1,2293,"Native 22","Native"
"4850","PictureAccept","Ambiguous",5,1,1025,"Native 22","Native"
"4854","PictureAccept","Unambiguous",12,1,1611,"Native 22","Native"
"4890","PictureAccept","Ambiguous",7,0,4047,"Native 22","Native"
"4902","PictureAccept","Ambiguous",9,0,2239,"Native 22","Native"
"4918","PictureAccept","Unambiguous",8,1,941,"Native 22","Native"
"4948","PictureAccept","Ambiguous",8,1,2005,"Native 23","Native"
"4964","PictureAccept","Ambiguous",2,1,1431,"Native 23","Native"
"4968","PictureAccept","Unambiguous",5,1,772,"Native 23","Native"
"4972","PictureAccept","Unambiguous",7,1,1486,"Native 23","Native"
"5000","PictureAccept","Unambiguous",3,1,1139,"Native 23","Native"
"5020","PictureAccept","Unambiguous",11,0,1397,"Native 23","Native"
"5024","PictureAccept","Ambiguous",12,1,871,"Native 23","Native"
"5048","PictureAccept","Ambiguous",6,1,1312,"Native 23","Native"
"5056","PictureAccept","Unambiguous",1,1,1343,"Native 23","Native"
"5064","PictureAccept","Ambiguous",4,1,1266,"Native 23","Native"
"5132","PictureAccept","Ambiguous",10,1,3306,"Native 23","Native"
"5152","PictureAccept","Unambiguous",9,1,849,"Native 23","Native"
"5164","PictureAccept","Unambiguous",12,1,662,"Native 24","Native"
"5176","PictureAccept","Unambiguous",8,1,6564,"Native 24","Native"
"5192","PictureAccept","Ambiguous",5,0,1822,"Native 24","Native"
"5196","PictureAccept","Unambiguous",4,1,1297,"Native 24","Native"
"5212","PictureAccept","Ambiguous",9,1,1551,"Native 24","Native"
"5220","PictureAccept","Unambiguous",10,0,3038,"Native 24","Native"
"5268","PictureAccept","Ambiguous",7,1,5752,"Native 24","Native"
"5272","PictureAccept","Unambiguous",6,1,2278,"Native 24","Native"
"5284","PictureAccept","Ambiguous",1,0,2671,"Native 24","Native"
"5324","PictureAccept","Unambiguous",2,1,1624,"Native 24","Native"
"5336","PictureAccept","Ambiguous",3,1,1341,"Native 24","Native"
"5372","PictureAccept","Ambiguous",11,0,5468,"Native 24","Native"
"5402","PictureAccept","Ambiguous",4,0,13229,"Native 25","Native"
"5422","PictureAccept","Ambiguous",2,0,3088,"Native 25","Native"
"5446","PictureAccept","Unambiguous",5,1,1635,"Native 25","Native"
"5494","PictureAccept","Unambiguous",11,0,8672,"Native 25","Native"
"5518","PictureAccept","Ambiguous",10,1,2807,"Native 25","Native"
"5530","PictureAccept","Ambiguous",8,0,6850,"Native 25","Native"
"5538","PictureAccept","Unambiguous",7,1,2314,"Native 25","Native"
"5542","PictureAccept","Unambiguous",1,1,1803,"Native 25","Native"
"5558","PictureAccept","Unambiguous",3,1,2541,"Native 25","Native"
"5566","PictureAccept","Ambiguous",12,0,2753,"Native 25","Native"
"5582","PictureAccept","Ambiguous",6,1,2060,"Native 25","Native"
"5598","PictureAccept","Unambiguous",9,1,1987,"Native 25","Native"
"5618","PictureAccept","Ambiguous",1,0,2186,"Native 26","Native"
"5622","PictureAccept","Ambiguous",11,0,2022,"Native 26","Native"
"5678","PictureAccept","Ambiguous",3,0,2457,"Native 26","Native"
"5686","PictureAccept","Unambiguous",12,0,1302,"Native 26","Native"
"5702","PictureAccept","Unambiguous",10,0,868,"Native 26","Native"
"5706","PictureAccept","Unambiguous",6,0,2054,"Native 26","Native"
"5730","PictureAccept","Ambiguous",9,1,2236,"Native 26","Native"
"5742","PictureAccept","Unambiguous",8,1,954,"Native 26","Native"
"5746","PictureAccept","Ambiguous",7,0,1518,"Native 26","Native"
"5778","PictureAccept","Ambiguous",5,1,1804,"Native 26","Native"
"5802","PictureAccept","Unambiguous",4,0,2479,"Native 26","Native"
"5814","PictureAccept","Unambiguous",2,1,2391,"Native 26","Native"
"5862","PictureAccept","Unambiguous",3,0,3948,"Native 27","Native"
"5874","PictureAccept","Unambiguous",9,0,3367,"Native 27","Native"
"5878","PictureAccept","Unambiguous",7,0,2832,"Native 27","Native"
"5882","PictureAccept","Ambiguous",4,0,2964,"Native 27","Native"
"5894","PictureAccept","Ambiguous",12,0,2884,"Native 27","Native"
"5918","PictureAccept","Ambiguous",10,0,5470,"Native 27","Native"
"5922","PictureAccept","Unambiguous",1,1,3657,"Native 27","Native"
"5930","PictureAccept","Ambiguous",6,0,4524,"Native 27","Native"
"5946","PictureAccept","Unambiguous",11,1,4645,"Native 27","Native"
"5998","PictureAccept","Unambiguous",5,1,5477,"Native 27","Native"
"6010","PictureAccept","Ambiguous",2,0,2424,"Native 27","Native"
"6042","PictureAccept","Ambiguous",8,0,7111,"Native 27","Native"
"6060","PictureAccept","Ambiguous",5,1,1120,"Native 28","Native"
"6104","PictureAccept","Ambiguous",11,1,2106,"Native 28","Native"
"6112","PictureAccept","Ambiguous",1,1,3496,"Native 28","Native"
"6124","PictureAccept","Unambiguous",4,1,1442,"Native 28","Native"
"6136","PictureAccept","Unambiguous",6,1,1429,"Native 28","Native"
"6156","PictureAccept","Unambiguous",8,1,800,"Native 28","Native"
"6160","PictureAccept","Unambiguous",10,0,2708,"Native 28","Native"
"6204","PictureAccept","Ambiguous",9,1,1119,"Native 28","Native"
"6208","PictureAccept","Ambiguous",7,1,2578,"Native 28","Native"
"6212","PictureAccept","Unambiguous",2,1,1217,"Native 28","Native"
"6216","PictureAccept","Ambiguous",3,1,1186,"Native 28","Native"
"6256","PictureAccept","Unambiguous",12,1,1217,"Native 28","Native"
"6298","PictureAccept","Unambiguous",5,1,1021,"Native 29","Native"
"6310","PictureAccept","Ambiguous",2,1,1150,"Native 29","Native"
"6314","PictureAccept","Ambiguous",10,1,1111,"Native 29","Native"
"6330","PictureAccept","Unambiguous",9,1,802,"Native 29","Native"
"6342","PictureAccept","Unambiguous",7,0,1248,"Native 29","Native"
"6346","PictureAccept","Ambiguous",6,1,3115,"Native 29","Native"
"6354","PictureAccept","Unambiguous",11,1,1248,"Native 29","Native"
"6374","PictureAccept","Ambiguous",12,1,1475,"Native 29","Native"
"6402","PictureAccept","Ambiguous",8,0,833,"Native 29","Native"
"6474","PictureAccept","Unambiguous",1,0,2630,"Native 29","Native"
"6478","PictureAccept","Ambiguous",4,0,1086,"Native 29","Native"
"6490","PictureAccept","Unambiguous",3,1,645,"Native 29","Native"
"6548","PictureAccept","Ambiguous",9,1,1067,"Native 30","Native"
"6560","PictureAccept","Unambiguous",12,0,895,"Native 30","Native"
"6596","PictureAccept","Ambiguous",7,0,623,"Native 30","Native"
"6624","PictureAccept","Unambiguous",8,1,963,"Native 30","Native"
"6632","PictureAccept","Unambiguous",4,1,1262,"Native 30","Native"
"6644","PictureAccept","Ambiguous",5,1,733,"Native 30","Native"
"6660","PictureAccept","Unambiguous",2,1,1643,"Native 30","Native"
"6680","PictureAccept","Unambiguous",6,0,778,"Native 30","Native"
"6688","PictureAccept","Ambiguous",1,0,625,"Native 30","Native"
"6712","PictureAccept","Ambiguous",11,0,1031,"Native 30","Native"
"6716","PictureAccept","Ambiguous",3,1,1351,"Native 30","Native"
"6720","PictureAccept","Unambiguous",10,0,1048,"Native 30","Native"
"6732","PictureAccept","Unambiguous",1,1,2238,"Native 31","Native"
"6748","PictureAccept","Ambiguous",6,0,3400,"Native 31","Native"
"6788","PictureAccept","Ambiguous",4,0,5098,"Native 31","Native"
"6796","PictureAccept","Unambiguous",11,1,1989,"Native 31","Native"
"6824","PictureAccept","Unambiguous",5,1,2220,"Native 31","Native"
"6836","PictureAccept","Unambiguous",9,1,1453,"Native 31","Native"
"6840","PictureAccept","Ambiguous",12,1,1509,"Native 31","Native"
"6852","PictureAccept","Ambiguous",8,1,2309,"Native 31","Native"
"6864","PictureAccept","Unambiguous",3,1,1535,"Native 31","Native"
"6876","PictureAccept","Ambiguous",2,1,1362,"Native 31","Native"
"6936","PictureAccept","Ambiguous",10,1,945,"Native 31","Native"
"6944","PictureAccept","Unambiguous",7,0,1911,"Native 31","Native"
"6974","PictureAccept","Ambiguous",9,1,8172,"Native 32","Native"
"6998","PictureAccept","Unambiguous",12,1,8242,"Native 32","Native"
"7034","PictureAccept","Ambiguous",1,1,5845,"Native 32","Native"
"7066","PictureAccept","Ambiguous",3,1,3127,"Native 32","Native"
"7078","PictureAccept","Unambiguous",10,1,2336,"Native 32","Native"
"7086","PictureAccept","Ambiguous",11,1,2392,"Native 32","Native"
"7110","PictureAccept","Unambiguous",8,0,5277,"Native 32","Native"
"7114","PictureAccept","Ambiguous",7,1,3972,"Native 32","Native"
"7122","PictureAccept","Unambiguous",6,1,3244,"Native 32","Native"
"7138","PictureAccept","Unambiguous",2,1,4117,"Native 32","Native"
"7158","PictureAccept","Unambiguous",4,1,1163,"Native 32","Native"
"7166","PictureAccept","Ambiguous",5,1,3144,"Native 32","Native"
"7178","PictureAccept","Ambiguous",10,0,2754,"Native 33","Native"
"7194","PictureAccept","Ambiguous",8,1,1312,"Native 33","Native"
"7242","PictureAccept","Unambiguous",7,1,1686,"Native 33","Native"
"7258","PictureAccept","Ambiguous",12,1,4554,"Native 33","Native"
"7270","PictureAccept","Ambiguous",4,0,1069,"Native 33","Native"
"7278","PictureAccept","Unambiguous",9,1,2153,"Native 33","Native"
"7282","PictureAccept","Ambiguous",2,1,1096,"Native 33","Native"
"7294","PictureAccept","Unambiguous",11,1,1830,"Native 33","Native"
"7302","PictureAccept","Unambiguous",1,1,1203,"Native 33","Native"
"7314","PictureAccept","Unambiguous",5,1,896,"Native 33","Native"
"7354","PictureAccept","Unambiguous",3,1,1903,"Native 33","Native"
"7390","PictureAccept","Ambiguous",6,1,1417,"Native 33","Native"
"7406","PictureAccept","Ambiguous",3,1,5455,"Native 34","Native"
"7418","PictureAccept","Unambiguous",4,1,4229,"Native 34","Native"
"7446","PictureAccept","Unambiguous",6,1,3544,"Native 34","Native"
"7462","PictureAccept","Unambiguous",12,1,2237,"Native 34","Native"
"7466","PictureAccept","Ambiguous",7,1,4202,"Native 34","Native"
"7474","PictureAccept","Unambiguous",8,1,1506,"Native 34","Native"
"7490","PictureAccept","Unambiguous",10,1,904,"Native 34","Native"
"7494","PictureAccept","Ambiguous",5,0,3966,"Native 34","Native"
"7518","PictureAccept","Ambiguous",11,1,1546,"Native 34","Native"
"7534","PictureAccept","Ambiguous",1,0,945,"Native 34","Native"
"7550","PictureAccept","Unambiguous",2,1,999,"Native 34","Native"
"7570","PictureAccept","Ambiguous",9,1,4848,"Native 34","Native"
"7636","PictureAccept","Ambiguous",6,1,2705,"Native 35","Native"
"7652","PictureAccept","Ambiguous",12,1,2780,"Native 35","Native"
"7668","PictureAccept","Unambiguous",3,1,3286,"Native 35","Native"
"7696","PictureAccept","Ambiguous",10,1,2278,"Native 35","Native"
"7700","PictureAccept","Ambiguous",4,1,2094,"Native 35","Native"
"7720","PictureAccept","Ambiguous",8,1,1276,"Native 35","Native"
"7728","PictureAccept","Unambiguous",7,1,861,"Native 35","Native"
"7740","PictureAccept","Unambiguous",5,1,1496,"Native 35","Native"
"7776","PictureAccept","Ambiguous",2,1,2400,"Native 35","Native"
"7784","PictureAccept","Unambiguous",9,1,10759,"Native 35","Native"
"7788","PictureAccept","Unambiguous",1,1,1782,"Native 35","Native"
"7820","PictureAccept","Unambiguous",11,1,1214,"Native 35","Native"
"7852","PictureAccept","Unambiguous",10,0,2507,"Native 36","Native"
"7896","PictureAccept","Unambiguous",12,1,1311,"Native 36","Native"
"7900","PictureAccept","Unambiguous",8,1,3473,"Native 36","Native"
"7908","PictureAccept","Ambiguous",7,0,1223,"Native 36","Native"
"7920","PictureAccept","Ambiguous",1,1,3301,"Native 36","Native"
"7940","PictureAccept","Ambiguous",3,1,3125,"Native 36","Native"
"7952","PictureAccept","Unambiguous",4,1,1630,"Native 36","Native"
"7980","PictureAccept","Unambiguous",6,1,1601,"Native 36","Native"
"7984","PictureAccept","Unambiguous",2,1,1172,"Native 36","Native"
"7996","PictureAccept","Ambiguous",11,1,1752,"Native 36","Native"
"8040","PictureAccept","Ambiguous",9,1,1219,"Native 36","Native"
"8060","PictureAccept","Ambiguous",5,0,880,"Native 36","Native"
"8080","PictureAccept","Ambiguous",4,0,3455,"Native 37","Native"
"8096","PictureAccept","Ambiguous",8,1,5557,"Native 37","Native"
"8100","PictureAccept","Unambiguous",5,1,1507,"Native 37","Native"
"8140","PictureAccept","Ambiguous",10,1,1578,"Native 37","Native"
"8156","PictureAccept","Ambiguous",12,1,1857,"Native 37","Native"
"8160","PictureAccept","Unambiguous",11,1,2296,"Native 37","Native"
"8168","PictureAccept","Ambiguous",6,1,1421,"Native 37","Native"
"8188","PictureAccept","Unambiguous",1,1,4081,"Native 37","Native"
"8232","PictureAccept","Unambiguous",9,1,4047,"Native 37","Native"
"8252","PictureAccept","Unambiguous",3,1,3363,"Native 37","Native"
"8256","PictureAccept","Unambiguous",7,1,5074,"Native 37","Native"
"8280","PictureAccept","Ambiguous",2,1,993,"Native 37","Native"
"8312","PictureAccept","Ambiguous",7,0,2686,"Native 38","Native"
"8336","PictureAccept","Unambiguous",12,1,2152,"Native 38","Native"
"8340","PictureAccept","Unambiguous",8,1,1751,"Native 38","Native"
"8392","PictureAccept","Ambiguous",9,1,1772,"Native 38","Native"
"8412","PictureAccept","Ambiguous",1,1,1106,"Native 38","Native"
"8416","PictureAccept","Ambiguous",3,1,2507,"Native 38","Native"
"8428","PictureAccept","Unambiguous",2,1,2993,"Native 38","Native"
"8444","PictureAccept","Unambiguous",6,1,1980,"Native 38","Native"
"8464","PictureAccept","Unambiguous",10,1,1197,"Native 38","Native"
"8468","PictureAccept","Unambiguous",4,1,1164,"Native 38","Native"
"8484","PictureAccept","Ambiguous",5,1,5108,"Native 38","Native"
"8488","PictureAccept","Ambiguous",11,0,3290,"Native 38","Native"
"8532","PictureAccept","Ambiguous",2,1,2929,"Native 39","Native"
"8540","PictureAccept","Unambiguous",7,1,2755,"Native 39","Native"
"8576","PictureAccept","Ambiguous",6,1,3270,"Native 39","Native"
"8580","PictureAccept","Ambiguous",12,1,1400,"Native 39","Native"
"8616","PictureAccept","Unambiguous",11,0,2018,"Native 39","Native"
"8620","PictureAccept","Ambiguous",8,1,1703,"Native 39","Native"
"8636","PictureAccept","Unambiguous",3,0,3045,"Native 39","Native"
"8640","PictureAccept","Ambiguous",10,1,1951,"Native 39","Native"
"8644","PictureAccept","Ambiguous",4,0,1690,"Native 39","Native"
"8660","PictureAccept","Unambiguous",9,1,2102,"Native 39","Native"
"8668","PictureAccept","Unambiguous",5,1,1761,"Native 39","Native"
"8720","PictureAccept","Unambiguous",1,1,2733,"Native 39","Native"
"8762","PictureAccept","Unambiguous",7,1,2140,"Native 40","Native"
"8770","PictureAccept","Ambiguous",10,1,1151,"Native 40","Native"
"8782","PictureAccept","Unambiguous",1,1,2979,"Native 40","Native"
"8802","PictureAccept","Ambiguous",6,1,1206,"Native 40","Native"
"8806","PictureAccept","Ambiguous",2,1,1686,"Native 40","Native"
"8826","PictureAccept","Ambiguous",8,1,1978,"Native 40","Native"
"8834","PictureAccept","Ambiguous",4,1,979,"Native 40","Native"
"8842","PictureAccept","Unambiguous",9,1,1738,"Native 40","Native"
"8878","PictureAccept","Ambiguous",12,1,3824,"Native 40","Native"
"8906","PictureAccept","Unambiguous",3,1,1748,"Native 40","Native"
"8930","PictureAccept","Unambiguous",11,1,1311,"Native 40","Native"
"8942","PictureAccept","Unambiguous",5,1,1009,"Native 40","Native"
"8978","PictureAccept","Ambiguous",1,1,4639,"Non-Native 1","Non-Native"
"8990","PictureAccept","Unambiguous",10,1,1280,"Non-Native 1","Non-Native"
"8994","PictureAccept","Ambiguous",11,1,2622,"Non-Native 1","Non-Native"
"9002","PictureAccept","Ambiguous",7,0,2261,"Non-Native 1","Non-Native"
"9018","PictureAccept","Ambiguous",9,1,888,"Non-Native 1","Non-Native"
"9038","PictureAccept","Unambiguous",12,0,2174,"Non-Native 1","Non-Native"
"9062","PictureAccept","Ambiguous",3,1,874,"Non-Native 1","Non-Native"
"9074","PictureAccept","Ambiguous",5,1,1688,"Non-Native 1","Non-Native"
"9090","PictureAccept","Unambiguous",8,1,1489,"Non-Native 1","Non-Native"
"9106","PictureAccept","Unambiguous",6,1,2288,"Non-Native 1","Non-Native"
"9114","PictureAccept","Unambiguous",2,0,3065,"Non-Native 1","Non-Native"
"9142","PictureAccept","Unambiguous",4,1,912,"Non-Native 1","Non-Native"
"9206","PictureAccept","Unambiguous",3,1,2426,"Non-Native 2","Non-Native"
"9210","PictureAccept","Unambiguous",1,0,2057,"Non-Native 2","Non-Native"
"9250","PictureAccept","Ambiguous",8,1,2837,"Non-Native 2","Non-Native"
"9278","PictureAccept","Ambiguous",4,0,1956,"Non-Native 2","Non-Native"
"9294","PictureAccept","Unambiguous",7,0,3370,"Non-Native 2","Non-Native"
"9306","PictureAccept","Ambiguous",12,1,2422,"Non-Native 2","Non-Native"
"9322","PictureAccept","Unambiguous",5,0,2288,"Non-Native 2","Non-Native"
"9326","PictureAccept","Unambiguous",9,0,2435,"Non-Native 2","Non-Native"
"9330","PictureAccept","Ambiguous",6,1,3699,"Non-Native 2","Non-Native"
"9366","PictureAccept","Unambiguous",11,1,3170,"Non-Native 2","Non-Native"
"9378","PictureAccept","Ambiguous",2,1,2059,"Non-Native 2","Non-Native"
"9382","PictureAccept","Ambiguous",10,1,1285,"Non-Native 2","Non-Native"
"9420","PictureAccept","Unambiguous",4,0,4381,"Non-Native 3","Non-Native"
"9432","PictureAccept","Unambiguous",8,1,4796,"Non-Native 3","Non-Native"
"9440","PictureAccept","Ambiguous",7,1,3022,"Non-Native 3","Non-Native"
"9444","PictureAccept","Ambiguous",1,0,12223,"Non-Native 3","Non-Native"
"9508","PictureAccept","Unambiguous",10,1,3079,"Non-Native 3","Non-Native"
"9512","PictureAccept","Ambiguous",5,1,1424,"Non-Native 3","Non-Native"
"9532","PictureAccept","Unambiguous",6,0,3947,"Non-Native 3","Non-Native"
"9536","PictureAccept","Unambiguous",2,1,5283,"Non-Native 3","Non-Native"
"9556","PictureAccept","Ambiguous",3,1,4844,"Non-Native 3","Non-Native"
"9600","PictureAccept","Ambiguous",9,1,2661,"Non-Native 3","Non-Native"
"9604","PictureAccept","Unambiguous",12,1,2831,"Non-Native 3","Non-Native"
"9632","PictureAccept","Ambiguous",11,1,1570,"Non-Native 3","Non-Native"
"9652","PictureAccept","Ambiguous",2,0,3005,"Non-Native 4","Non-Native"
"9660","PictureAccept","Unambiguous",9,1,6450,"Non-Native 4","Non-Native"
"9676","PictureAccept","Ambiguous",6,1,3067,"Non-Native 4","Non-Native"
"9692","PictureAccept","Unambiguous",5,1,1619,"Non-Native 4","Non-Native"
"9700","PictureAccept","Ambiguous",12,0,2304,"Non-Native 4","Non-Native"
"9744","PictureAccept","Ambiguous",4,0,10063,"Non-Native 4","Non-Native"
"9760","PictureAccept","Unambiguous",3,1,3541,"Non-Native 4","Non-Native"
"9812","PictureAccept","Unambiguous",7,0,5086,"Non-Native 4","Non-Native"
"9820","PictureAccept","Ambiguous",8,1,3649,"Non-Native 4","Non-Native"
"9824","PictureAccept","Ambiguous",10,1,1435,"Non-Native 4","Non-Native"
"9828","PictureAccept","Unambiguous",11,1,1987,"Non-Native 4","Non-Native"
"9856","PictureAccept","Unambiguous",1,0,10295,"Non-Native 4","Non-Native"
"9866","PictureAccept","Ambiguous",1,0,3902,"Non-Native 5","Non-Native"
"9878","PictureAccept","Unambiguous",4,1,1237,"Non-Native 5","Non-Native"
"9894","PictureAccept","Unambiguous",2,1,1611,"Non-Native 5","Non-Native"
"9934","PictureAccept","Unambiguous",8,1,971,"Non-Native 5","Non-Native"
"9942","PictureAccept","Ambiguous",11,1,3075,"Non-Native 5","Non-Native"
"9946","PictureAccept","Unambiguous",12,1,1162,"Non-Native 5","Non-Native"
"9954","PictureAccept","Ambiguous",5,0,2218,"Non-Native 5","Non-Native"
"10006","PictureAccept","Ambiguous",7,0,2401,"Non-Native 5","Non-Native"
"10014","PictureAccept","Ambiguous",9,1,1146,"Non-Native 5","Non-Native"
"10018","PictureAccept","Unambiguous",10,1,1661,"Non-Native 5","Non-Native"
"10050","PictureAccept","Ambiguous",3,1,1079,"Non-Native 5","Non-Native"
"10074","PictureAccept","Unambiguous",6,0,2474,"Non-Native 5","Non-Native"
"10098","PictureAccept","Ambiguous",4,1,3106,"Non-Native 6","Non-Native"
"10114","PictureAccept","Unambiguous",3,1,1499,"Non-Native 6","Non-Native"
"10118","PictureAccept","Unambiguous",1,0,5362,"Non-Native 6","Non-Native"
"10126","PictureAccept","Ambiguous",10,1,2211,"Non-Native 6","Non-Native"
"10150","PictureAccept","Ambiguous",6,1,3453,"Non-Native 6","Non-Native"
"10198","PictureAccept","Ambiguous",2,1,2747,"Non-Native 6","Non-Native"
"10214","PictureAccept","Unambiguous",7,0,2406,"Non-Native 6","Non-Native"
"10230","PictureAccept","Unambiguous",5,1,1079,"Non-Native 6","Non-Native"
"10238","PictureAccept","Unambiguous",11,1,1732,"Non-Native 6","Non-Native"
"10270","PictureAccept","Ambiguous",8,0,2874,"Non-Native 6","Non-Native"
"10278","PictureAccept","Ambiguous",12,0,815,"Non-Native 6","Non-Native"
"10282","PictureAccept","Unambiguous",9,1,3081,"Non-Native 6","Non-Native"
"10320","PictureAccept","Unambiguous",2,0,3454,"Non-Native 7","Non-Native"
"10328","PictureAccept","Ambiguous",7,0,8089,"Non-Native 7","Non-Native"
"10368","PictureAccept","Unambiguous",4,1,1092,"Non-Native 7","Non-Native"
"10388","PictureAccept","Ambiguous",11,0,2014,"Non-Native 7","Non-Native"
"10392","PictureAccept","Unambiguous",12,0,2623,"Non-Native 7","Non-Native"
"10396","PictureAccept","Ambiguous",3,1,3276,"Non-Native 7","Non-Native"
"10412","PictureAccept","Unambiguous",8,0,2762,"Non-Native 7","Non-Native"
"10424","PictureAccept","Unambiguous",6,1,4916,"Non-Native 7","Non-Native"
"10428","PictureAccept","Ambiguous",9,0,7192,"Non-Native 7","Non-Native"
"10432","PictureAccept","Ambiguous",1,0,4849,"Non-Native 7","Non-Native"
"10484","PictureAccept","Ambiguous",5,1,2865,"Non-Native 7","Non-Native"
"10488","PictureAccept","Unambiguous",10,0,1969,"Non-Native 7","Non-Native"
"10554","PictureAccept","Ambiguous",6,0,2862,"Non-Native 8","Non-Native"
"10598","PictureAccept","Unambiguous",9,1,8532,"Non-Native 8","Non-Native"
"10646","PictureAccept","Unambiguous",7,1,9299,"Non-Native 8","Non-Native"
"10650","PictureAccept","Ambiguous",12,1,9748,"Non-Native 8","Non-Native"
"10662","PictureAccept","Unambiguous",5,1,6324,"Non-Native 8","Non-Native"
"10670","PictureAccept","Unambiguous",11,1,744,"Non-Native 8","Non-Native"
"10674","PictureAccept","Unambiguous",1,0,5819,"Non-Native 8","Non-Native"
"10714","PictureAccept","Ambiguous",2,1,1652,"Non-Native 8","Non-Native"
"10722","PictureAccept","Ambiguous",10,0,3087,"Non-Native 8","Non-Native"
"10734","PictureAccept","Unambiguous",3,1,3073,"Non-Native 8","Non-Native"
"10738","PictureAccept","Ambiguous",4,1,1158,"Non-Native 8","Non-Native"
"10746","PictureAccept","Ambiguous",8,1,1001,"Non-Native 8","Non-Native"
"10790","PictureAccept","Unambiguous",12,1,9227,"Non-Native 9","Non-Native"
"10802","PictureAccept","Ambiguous",5,1,1303,"Non-Native 9","Non-Native"
"10826","PictureAccept","Ambiguous",9,1,890,"Non-Native 9","Non-Native"
"10858","PictureAccept","Ambiguous",7,0,1983,"Non-Native 9","Non-Native"
"10870","PictureAccept","Ambiguous",11,0,7374,"Non-Native 9","Non-Native"
"10886","PictureAccept","Ambiguous",3,1,4100,"Non-Native 9","Non-Native"
"10890","PictureAccept","Unambiguous",6,1,6967,"Non-Native 9","Non-Native"
"10910","PictureAccept","Unambiguous",10,1,2845,"Non-Native 9","Non-Native"
"10914","PictureAccept","Unambiguous",2,0,13076,"Non-Native 9","Non-Native"
"10918","PictureAccept","Unambiguous",4,1,1077,"Non-Native 9","Non-Native"
"10922","PictureAccept","Unambiguous",8,1,1407,"Non-Native 9","Non-Native"
"10950","PictureAccept","Ambiguous",1,0,12085,"Non-Native 9","Non-Native"
"11002","PictureAccept","Unambiguous",11,1,6001,"Non-Native 10","Non-Native"
"11010","PictureAccept","Ambiguous",2,1,10375,"Non-Native 10","Non-Native"
"11026","PictureAccept","Ambiguous",10,1,1824,"Non-Native 10","Non-Native"
"11030","PictureAccept","Unambiguous",1,1,2695,"Non-Native 10","Non-Native"
"11034","PictureAccept","Unambiguous",7,1,1589,"Non-Native 10","Non-Native"
"11042","PictureAccept","Unambiguous",9,1,2154,"Non-Native 10","Non-Native"
"11082","PictureAccept","Ambiguous",6,1,2072,"Non-Native 10","Non-Native"
"11114","PictureAccept","Ambiguous",4,1,5011,"Non-Native 10","Non-Native"
"11126","PictureAccept","Ambiguous",8,0,3108,"Non-Native 10","Non-Native"
"11142","PictureAccept","Unambiguous",3,1,1041,"Non-Native 10","Non-Native"
"11166","PictureAccept","Unambiguous",5,1,1111,"Non-Native 10","Non-Native"
"11198","PictureAccept","Ambiguous",12,1,6782,"Non-Native 10","Non-Native"
"11224","PictureAccept","Ambiguous",11,1,4288,"Non-Native 11","Non-Native"
"11248","PictureAccept","Unambiguous",6,0,3610,"Non-Native 11","Non-Native"
"11252","PictureAccept","Unambiguous",4,1,2331,"Non-Native 11","Non-Native"
"11256","PictureAccept","Ambiguous",5,1,3557,"Non-Native 11","Non-Native"
"11260","PictureAccept","Unambiguous",12,1,2919,"Non-Native 11","Non-Native"
"11272","PictureAccept","Unambiguous",8,1,4872,"Non-Native 11","Non-Native"
"11296","PictureAccept","Ambiguous",1,1,10191,"Non-Native 11","Non-Native"
"11324","PictureAccept","Ambiguous",7,0,6575,"Non-Native 11","Non-Native"
"11344","PictureAccept","Ambiguous",9,0,6450,"Non-Native 11","Non-Native"
"11376","PictureAccept","Ambiguous",3,0,13215,"Non-Native 11","Non-Native"
"11400","PictureAccept","Unambiguous",10,1,2846,"Non-Native 11","Non-Native"
"11424","PictureAccept","Unambiguous",2,1,5481,"Non-Native 11","Non-Native"
"11456","PictureAccept","Unambiguous",1,1,2143,"Non-Native 12","Non-Native"
"11460","PictureAccept","Unambiguous",7,1,1964,"Non-Native 12","Non-Native"
"11476","PictureAccept","Unambiguous",5,1,1206,"Non-Native 12","Non-Native"
"11508","PictureAccept","Unambiguous",3,1,1993,"Non-Native 12","Non-Native"
"11516","PictureAccept","Ambiguous",10,1,7092,"Non-Native 12","Non-Native"
"11532","PictureAccept","Unambiguous",11,1,1499,"Non-Native 12","Non-Native"
"11540","PictureAccept","Ambiguous",6,1,1093,"Non-Native 12","Non-Native"
"11548","PictureAccept","Ambiguous",12,1,3309,"Non-Native 12","Non-Native"
"11556","PictureAccept","Unambiguous",9,1,1551,"Non-Native 12","Non-Native"
"11560","PictureAccept","Ambiguous",8,1,2404,"Non-Native 12","Non-Native"
"11624","PictureAccept","Ambiguous",2,1,1585,"Non-Native 12","Non-Native"
"11636","PictureAccept","Ambiguous",4,1,2981,"Non-Native 12","Non-Native"
"11674","PictureAccept","Unambiguous",12,1,1625,"Non-Native 13","Non-Native"
"11698","PictureAccept","Ambiguous",5,1,1701,"Non-Native 13","Non-Native"
"11706","PictureAccept","Unambiguous",2,1,2624,"Non-Native 13","Non-Native"
"11718","PictureAccept","Ambiguous",11,0,1388,"Non-Native 13","Non-Native"
"11726","PictureAccept","Ambiguous",1,1,2635,"Non-Native 13","Non-Native"
"11754","PictureAccept","Unambiguous",6,1,2990,"Non-Native 13","Non-Native"
"11762","PictureAccept","Ambiguous",9,1,3036,"Non-Native 13","Non-Native"
"11786","PictureAccept","Unambiguous",10,0,1415,"Non-Native 13","Non-Native"
"11802","PictureAccept","Ambiguous",3,1,1505,"Non-Native 13","Non-Native"
"11810","PictureAccept","Unambiguous",4,0,1905,"Non-Native 13","Non-Native"
"11842","PictureAccept","Unambiguous",8,1,3046,"Non-Native 13","Non-Native"
"11850","PictureAccept","Ambiguous",7,1,8295,"Non-Native 13","Non-Native"
"11884","PictureAccept","Ambiguous",10,0,4759,"Non-Native 14","Non-Native"
"11908","PictureAccept","Ambiguous",8,1,3676,"Non-Native 14","Non-Native"
"11928","PictureAccept","Ambiguous",12,1,3186,"Non-Native 14","Non-Native"
"11932","PictureAccept","Ambiguous",4,0,5119,"Non-Native 14","Non-Native"
"11940","PictureAccept","Unambiguous",9,1,1156,"Non-Native 14","Non-Native"
"11948","PictureAccept","Unambiguous",5,1,974,"Non-Native 14","Non-Native"
"11956","PictureAccept","Unambiguous",1,1,2059,"Non-Native 14","Non-Native"
"11972","PictureAccept","Unambiguous",11,1,953,"Non-Native 14","Non-Native"
"12012","PictureAccept","Unambiguous",3,1,1055,"Non-Native 14","Non-Native"
"12016","PictureAccept","Ambiguous",2,1,1479,"Non-Native 14","Non-Native"
"12028","PictureAccept","Unambiguous",7,1,2018,"Non-Native 14","Non-Native"
"12060","PictureAccept","Ambiguous",6,0,1225,"Non-Native 14","Non-Native"
"12110","PictureAccept","Ambiguous",5,0,2529,"Non-Native 15","Non-Native"
"12114","PictureAccept","Ambiguous",7,0,3650,"Non-Native 15","Non-Native"
"12118","PictureAccept","Ambiguous",1,0,3475,"Non-Native 15","Non-Native"
"12126","PictureAccept","Ambiguous",9,0,2338,"Non-Native 15","Non-Native"
"12134","PictureAccept","Ambiguous",11,0,2125,"Non-Native 15","Non-Native"
"12162","PictureAccept","Unambiguous",10,1,4916,"Non-Native 15","Non-Native"
"12182","PictureAccept","Unambiguous",12,1,2275,"Non-Native 15","Non-Native"
"12218","PictureAccept","Unambiguous",4,1,1533,"Non-Native 15","Non-Native"
"12226","PictureAccept","Ambiguous",3,0,1506,"Non-Native 15","Non-Native"
"12246","PictureAccept","Unambiguous",8,1,815,"Non-Native 15","Non-Native"
"12290","PictureAccept","Unambiguous",2,1,1598,"Non-Native 15","Non-Native"
"12310","PictureAccept","Unambiguous",6,1,2002,"Non-Native 15","Non-Native"
"12344","PictureAccept","Unambiguous",11,1,3032,"Non-Native 16","Non-Native"
"12348","PictureAccept","Unambiguous",3,0,1866,"Non-Native 16","Non-Native"
"12380","PictureAccept","Ambiguous",2,1,2194,"Non-Native 16","Non-Native"
"12388","PictureAccept","Ambiguous",4,1,4940,"Non-Native 16","Non-Native"
"12396","PictureAccept","Ambiguous",8,1,3282,"Non-Native 16","Non-Native"
"12412","PictureAccept","Unambiguous",9,1,978,"Non-Native 16","Non-Native"
"12416","PictureAccept","Unambiguous",5,1,833,"Non-Native 16","Non-Native"
"12440","PictureAccept","Unambiguous",7,0,3368,"Non-Native 16","Non-Native"
"12460","PictureAccept","Ambiguous",12,1,3687,"Non-Native 16","Non-Native"
"12496","PictureAccept","Unambiguous",1,1,1743,"Non-Native 16","Non-Native"
"12528","PictureAccept","Ambiguous",6,1,1501,"Non-Native 16","Non-Native"
"12536","PictureAccept","Ambiguous",10,1,2360,"Non-Native 16","Non-Native"
"12554","PictureAccept","Ambiguous",5,1,1981,"Non-Native 17","Non-Native"
"12578","PictureAccept","Ambiguous",7,0,2158,"Non-Native 17","Non-Native"
"12598","PictureAccept","Unambiguous",2,1,2422,"Non-Native 17","Non-Native"
"12602","PictureAccept","Ambiguous",3,1,1677,"Non-Native 17","Non-Native"
"12610","PictureAccept","Unambiguous",12,1,1363,"Non-Native 17","Non-Native"
"12630","PictureAccept","Ambiguous",11,1,2065,"Non-Native 17","Non-Native"
"12634","PictureAccept","Unambiguous",6,1,4511,"Non-Native 17","Non-Native"
"12642","PictureAccept","Ambiguous",9,1,2175,"Non-Native 17","Non-Native"
"12654","PictureAccept","Unambiguous",10,1,1688,"Non-Native 17","Non-Native"
"12718","PictureAccept","Unambiguous",8,1,1864,"Non-Native 17","Non-Native"
"12722","PictureAccept","Ambiguous",1,0,4023,"Non-Native 17","Non-Native"
"12742","PictureAccept","Unambiguous",4,1,1020,"Non-Native 17","Non-Native"
"12784","PictureAccept","Ambiguous",4,0,5875,"Non-Native 18","Non-Native"
"12796","PictureAccept","Ambiguous",12,0,3956,"Non-Native 18","Non-Native"
"12800","PictureAccept","Ambiguous",6,1,5201,"Non-Native 18","Non-Native"
"12812","PictureAccept","Ambiguous",10,1,1511,"Non-Native 18","Non-Native"
"12832","PictureAccept","Unambiguous",3,1,1412,"Non-Native 18","Non-Native"
"12836","PictureAccept","Unambiguous",11,1,3333,"Non-Native 18","Non-Native"
"12844","PictureAccept","Ambiguous",2,1,1221,"Non-Native 18","Non-Native"
"12868","PictureAccept","Unambiguous",7,1,2377,"Non-Native 18","Non-Native"
"12896","PictureAccept","Unambiguous",5,1,3064,"Non-Native 18","Non-Native"
"12904","PictureAccept","Unambiguous",1,1,3537,"Non-Native 18","Non-Native"
"12952","PictureAccept","Unambiguous",9,1,2072,"Non-Native 18","Non-Native"
"12992","PictureAccept","Ambiguous",8,1,1980,"Non-Native 18","Non-Native"
"13034","PictureAccept","Ambiguous",3,1,5265,"Non-Native 19","Non-Native"
"13050","PictureAccept","Ambiguous",5,1,1824,"Non-Native 19","Non-Native"
"13074","PictureAccept","Unambiguous",2,1,2757,"Non-Native 19","Non-Native"
"13094","PictureAccept","Ambiguous",1,1,18454,"Non-Native 19","Non-Native"
"13098","PictureAccept","Unambiguous",4,1,2176,"Non-Native 19","Non-Native"
"13118","PictureAccept","Unambiguous",6,0,2407,"Non-Native 19","Non-Native"
"13122","PictureAccept","Ambiguous",9,1,4206,"Non-Native 19","Non-Native"
"13134","PictureAccept","Unambiguous",10,1,10421,"Non-Native 19","Non-Native"
"13170","PictureAccept","Ambiguous",7,1,2596,"Non-Native 19","Non-Native"
"13198","PictureAccept","Unambiguous",12,1,5012,"Non-Native 19","Non-Native"
"13206","PictureAccept","Ambiguous",11,1,2394,"Non-Native 19","Non-Native"
"13214","PictureAccept","Unambiguous",8,1,2950,"Non-Native 19","Non-Native"
"13246","PictureAccept","Unambiguous",9,1,3863,"Non-Native 20","Non-Native"
"13270","PictureAccept","Unambiguous",5,1,2220,"Non-Native 20","Non-Native"
"13286","PictureAccept","Ambiguous",4,1,3466,"Non-Native 20","Non-Native"
"13306","PictureAccept","Ambiguous",6,1,2070,"Non-Native 20","Non-Native"
"13318","PictureAccept","Ambiguous",2,1,2779,"Non-Native 20","Non-Native"
"13322","PictureAccept","Ambiguous",10,1,2149,"Non-Native 20","Non-Native"
"13342","PictureAccept","Unambiguous",1,1,1700,"Non-Native 20","Non-Native"
"13346","PictureAccept","Unambiguous",3,1,1008,"Non-Native 20","Non-Native"
"13390","PictureAccept","Ambiguous",8,1,1409,"Non-Native 20","Non-Native"
"13398","PictureAccept","Unambiguous",11,0,2022,"Non-Native 20","Non-Native"
"13414","PictureAccept","Unambiguous",7,1,3229,"Non-Native 20","Non-Native"
"13434","PictureAccept","Ambiguous",12,1,1603,"Non-Native 20","Non-Native"
"13450","PictureAccept","Unambiguous",8,0,3813,"Non-Native 21","Non-Native"
"13486","PictureAccept","Unambiguous",4,1,2676,"Non-Native 21","Non-Native"
"13498","PictureAccept","Unambiguous",2,0,2018,"Non-Native 21","Non-Native"
"13514","PictureAccept","Unambiguous",10,1,1183,"Non-Native 21","Non-Native"
"13538","PictureAccept","Ambiguous",5,1,1487,"Non-Native 21","Non-Native"
"13546","PictureAccept","Ambiguous",9,1,2205,"Non-Native 21","Non-Native"
"13550","PictureAccept","Ambiguous",7,0,1264,"Non-Native 21","Non-Native"
"13602","PictureAccept","Ambiguous",11,0,1897,"Non-Native 21","Non-Native"
"13622","PictureAccept","Ambiguous",1,0,1108,"Non-Native 21","Non-Native"
"13638","PictureAccept","Unambiguous",12,1,2124,"Non-Native 21","Non-Native"
"13658","PictureAccept","Ambiguous",3,1,2024,"Non-Native 21","Non-Native"
"13662","PictureAccept","Unambiguous",6,1,1318,"Non-Native 21","Non-Native"
"13700","PictureAccept","Ambiguous",8,1,3763,"Non-Native 22","Non-Native"
"13708","PictureAccept","Unambiguous",5,1,823,"Non-Native 22","Non-Native"
"13724","PictureAccept","Unambiguous",9,1,1058,"Non-Native 22","Non-Native"
"13740","PictureAccept","Ambiguous",6,1,1054,"Non-Native 22","Non-Native"
"13752","PictureAccept","Ambiguous",10,1,3129,"Non-Native 22","Non-Native"
"13756","PictureAccept","Unambiguous",1,1,1803,"Non-Native 22","Non-Native"
"13772","PictureAccept","Unambiguous",11,1,1430,"Non-Native 22","Non-Native"
"13792","PictureAccept","Unambiguous",3,1,1605,"Non-Native 22","Non-Native"
"13800","PictureAccept","Ambiguous",4,1,1554,"Non-Native 22","Non-Native"
"13824","PictureAccept","Unambiguous",7,1,1913,"Non-Native 22","Non-Native"
"13848","PictureAccept","Ambiguous",2,1,2535,"Non-Native 22","Non-Native"
"13864","PictureAccept","Ambiguous",12,1,3869,"Non-Native 22","Non-Native"
"13926","PictureAccept","Ambiguous",1,1,7041,"Non-Native 23","Non-Native"
"13938","PictureAccept","Ambiguous",9,0,5889,"Non-Native 23","Non-Native"
"13962","PictureAccept","Ambiguous",5,0,6060,"Non-Native 23","Non-Native"
"13970","PictureAccept","Unambiguous",4,0,2615,"Non-Native 23","Non-Native"
"13974","PictureAccept","Unambiguous",6,0,3369,"Non-Native 23","Non-Native"
"13982","PictureAccept","Ambiguous",3,1,5424,"Non-Native 23","Non-Native"
"13986","PictureAccept","Unambiguous",10,0,7317,"Non-Native 23","Non-Native"
"14018","PictureAccept","Ambiguous",11,0,3377,"Non-Native 23","Non-Native"
"14050","PictureAccept","Unambiguous",8,0,5207,"Non-Native 23","Non-Native"
"14054","PictureAccept","Unambiguous",2,1,4025,"Non-Native 23","Non-Native"
"14062","PictureAccept","Ambiguous",7,0,6362,"Non-Native 23","Non-Native"
"14074","PictureAccept","Unambiguous",12,1,3829,"Non-Native 23","Non-Native"
"14126","PictureAccept","Unambiguous",1,0,3678,"Non-Native 24","Non-Native"
"14146","PictureAccept","Unambiguous",7,1,4673,"Non-Native 24","Non-Native"
"14158","PictureAccept","Ambiguous",2,0,1704,"Non-Native 24","Non-Native"
"14170","PictureAccept","Ambiguous",12,1,2095,"Non-Native 24","Non-Native"
"14182","PictureAccept","Ambiguous",4,1,1545,"Non-Native 24","Non-Native"
"14222","PictureAccept","Ambiguous",10,1,5863,"Non-Native 24","Non-Native"
"14226","PictureAccept","Unambiguous",11,1,1606,"Non-Native 24","Non-Native"
"14266","PictureAccept","Unambiguous",3,0,1314,"Non-Native 24","Non-Native"
"14270","PictureAccept","Unambiguous",9,0,3769,"Non-Native 24","Non-Native"
"14274","PictureAccept","Ambiguous",8,1,1326,"Non-Native 24","Non-Native"
"14278","PictureAccept","Unambiguous",5,1,1542,"Non-Native 24","Non-Native"
"14286","PictureAccept","Ambiguous",6,0,2845,"Non-Native 24","Non-Native"
"14382","PictureAccept","Ambiguous",11,1,5206,"Non-Native 25","Non-Native"
"14394","PictureAccept","Unambiguous",4,1,1496,"Non-Native 25","Non-Native"
"14422","PictureAccept","Unambiguous",10,1,3157,"Non-Native 25","Non-Native"
"14434","PictureAccept","Ambiguous",9,1,8138,"Non-Native 25","Non-Native"
"14442","PictureAccept","Ambiguous",5,1,1352,"Non-Native 25","Non-Native"
"14446","PictureAccept","Unambiguous",12,0,4845,"Non-Native 25","Non-Native"
"14454","PictureAccept","Unambiguous",8,1,1971,"Non-Native 25","Non-Native"
"14462","PictureAccept","Ambiguous",7,1,6524,"Non-Native 25","Non-Native"
"14474","PictureAccept","Unambiguous",6,1,1871,"Non-Native 25","Non-Native"
"14478","PictureAccept","Ambiguous",3,1,2235,"Non-Native 25","Non-Native"
"14522","PictureAccept","Ambiguous",1,0,7407,"Non-Native 25","Non-Native"
"14530","PictureAccept","Unambiguous",2,1,1447,"Non-Native 25","Non-Native"
"14602","PictureAccept","Ambiguous",8,0,2122,"Non-Native 26","Non-Native"
"14606","PictureAccept","Unambiguous",1,1,1379,"Non-Native 26","Non-Native"
"14610","PictureAccept","Unambiguous",3,1,2438,"Non-Native 26","Non-Native"
"14630","PictureAccept","Unambiguous",9,1,1346,"Non-Native 26","Non-Native"
"14662","PictureAccept","Ambiguous",12,1,3032,"Non-Native 26","Non-Native"
"14682","PictureAccept","Ambiguous",2,1,1796,"Non-Native 26","Non-Native"
"14694","PictureAccept","Ambiguous",4,1,1723,"Non-Native 26","Non-Native"
"14706","PictureAccept","Ambiguous",6,0,1182,"Non-Native 26","Non-Native"
"14726","PictureAccept","Unambiguous",7,1,1301,"Non-Native 26","Non-Native"
"14750","PictureAccept","Unambiguous",5,1,1244,"Non-Native 26","Non-Native"
"14762","PictureAccept","Ambiguous",10,1,1906,"Non-Native 26","Non-Native"
"14774","PictureAccept","Unambiguous",11,1,1259,"Non-Native 26","Non-Native"
"14798","PictureAccept","Ambiguous",3,1,5431,"Non-Native 27","Non-Native"
"14814","PictureAccept","Ambiguous",5,1,1770,"Non-Native 27","Non-Native"
"14826","PictureAccept","Unambiguous",6,1,2658,"Non-Native 27","Non-Native"
"14830","PictureAccept","Ambiguous",9,1,4588,"Non-Native 27","Non-Native"
"14834","PictureAccept","Unambiguous",12,1,1879,"Non-Native 27","Non-Native"
"14866","PictureAccept","Ambiguous",1,0,5160,"Non-Native 27","Non-Native"
"14906","PictureAccept","Unambiguous",4,0,7411,"Non-Native 27","Non-Native"
"14930","PictureAccept","Unambiguous",8,1,1942,"Non-Native 27","Non-Native"
"14942","PictureAccept","Ambiguous",11,0,1409,"Non-Native 27","Non-Native"
"14966","PictureAccept","Unambiguous",2,1,2657,"Non-Native 27","Non-Native"
"14990","PictureAccept","Unambiguous",10,1,2125,"Non-Native 27","Non-Native"
"14994","PictureAccept","Ambiguous",7,1,1405,"Non-Native 27","Non-Native"
"15022","PictureAccept","Unambiguous",1,0,3358,"Non-Native 28","Non-Native"
"15046","PictureAccept","Ambiguous",8,1,5081,"Non-Native 28","Non-Native"
"15050","PictureAccept","Ambiguous",10,1,2151,"Non-Native 28","Non-Native"
"15054","PictureAccept","Unambiguous",3,1,1355,"Non-Native 28","Non-Native"
"15062","PictureAccept","Ambiguous",6,1,830,"Non-Native 28","Non-Native"
"15070","PictureAccept","Unambiguous",9,1,2222,"Non-Native 28","Non-Native"
"15102","PictureAccept","Ambiguous",12,1,3727,"Non-Native 28","Non-Native"
"15110","PictureAccept","Unambiguous",5,1,1129,"Non-Native 28","Non-Native"
"15134","PictureAccept","Ambiguous",2,1,1270,"Non-Native 28","Non-Native"
"15146","PictureAccept","Unambiguous",7,1,1163,"Non-Native 28","Non-Native"
"15162","PictureAccept","Ambiguous",4,1,3028,"Non-Native 28","Non-Native"
"15206","PictureAccept","Unambiguous",11,1,2348,"Non-Native 28","Non-Native"
"15252","PictureAccept","Unambiguous",8,1,2991,"Non-Native 29","Non-Native"
"15288","PictureAccept","Ambiguous",7,1,2791,"Non-Native 29","Non-Native"
"15292","PictureAccept","Ambiguous",1,1,6425,"Non-Native 29","Non-Native"
"15316","PictureAccept","Unambiguous",10,1,2397,"Non-Native 29","Non-Native"
"15320","PictureAccept","Unambiguous",6,1,5777,"Non-Native 29","Non-Native"
"15356","PictureAccept","Ambiguous",9,1,3542,"Non-Native 29","Non-Native"
"15368","PictureAccept","Ambiguous",11,1,1720,"Non-Native 29","Non-Native"
"15408","PictureAccept","Ambiguous",3,1,1721,"Non-Native 29","Non-Native"
"15412","PictureAccept","Unambiguous",12,1,2529,"Non-Native 29","Non-Native"
"15424","PictureAccept","Unambiguous",2,1,2789,"Non-Native 29","Non-Native"
"15428","PictureAccept","Unambiguous",4,1,1174,"Non-Native 29","Non-Native"
"15440","PictureAccept","Ambiguous",5,1,1461,"Non-Native 29","Non-Native"
"15470","PictureAccept","Ambiguous",12,1,1950,"Non-Native 30","Non-Native"
"15486","PictureAccept","Unambiguous",11,0,1071,"Non-Native 30","Non-Native"
"15490","PictureAccept","Unambiguous",1,0,4373,"Non-Native 30","Non-Native"
"15498","PictureAccept","Unambiguous",3,0,722,"Non-Native 30","Non-Native"
"15506","PictureAccept","Unambiguous",9,0,3523,"Non-Native 30","Non-Native"
"15518","PictureAccept","Ambiguous",2,0,1142,"Non-Native 30","Non-Native"
"15546","PictureAccept","Ambiguous",6,0,1214,"Non-Native 30","Non-Native"
"15586","PictureAccept","Unambiguous",5,0,1957,"Non-Native 30","Non-Native"
"15594","PictureAccept","Ambiguous",8,1,1037,"Non-Native 30","Non-Native"
"15618","PictureAccept","Ambiguous",4,1,1735,"Non-Native 30","Non-Native"
"15642","PictureAccept","Unambiguous",7,1,2348,"Non-Native 30","Non-Native"
"15646","PictureAccept","Ambiguous",10,0,2546,"Non-Native 30","Non-Native"
"15712","PictureAccept","Ambiguous",1,0,15591,"Non-Native 31","Non-Native"
"15720","PictureAccept","Ambiguous",11,0,4805,"Non-Native 31","Non-Native"
"15728","PictureAccept","Unambiguous",10,0,25585,"Non-Native 31","Non-Native"
"15748","PictureAccept","Unambiguous",4,0,4296,"Non-Native 31","Non-Native"
"15760","PictureAccept","Unambiguous",8,1,7426,"Non-Native 31","Non-Native"
"15816","PictureAccept","Ambiguous",5,1,1821,"Non-Native 31","Non-Native"
"15828","PictureAccept","Unambiguous",12,1,3776,"Non-Native 31","Non-Native"
"15836","PictureAccept","Ambiguous",7,0,1892,"Non-Native 31","Non-Native"
"15844","PictureAccept","Unambiguous",6,1,1558,"Non-Native 31","Non-Native"
"15868","PictureAccept","Ambiguous",9,1,4763,"Non-Native 31","Non-Native"
"15876","PictureAccept","Unambiguous",2,1,2066,"Non-Native 31","Non-Native"
"15888","PictureAccept","Ambiguous",3,1,1541,"Non-Native 31","Non-Native"
"15916","PictureAccept","Ambiguous",6,0,5769,"Non-Native 32","Non-Native"
"15928","PictureAccept","Unambiguous",9,0,3113,"Non-Native 32","Non-Native"
"15948","PictureAccept","Unambiguous",7,1,7538,"Non-Native 32","Non-Native"
"15960","PictureAccept","Ambiguous",4,0,4544,"Non-Native 32","Non-Native"
"15964","PictureAccept","Ambiguous",2,1,9531,"Non-Native 32","Non-Native"
"16008","PictureAccept","Ambiguous",8,0,1571,"Non-Native 32","Non-Native"
"16020","PictureAccept","Unambiguous",1,0,3626,"Non-Native 32","Non-Native"
"16024","PictureAccept","Ambiguous",12,0,3361,"Non-Native 32","Non-Native"
"16040","PictureAccept","Unambiguous",3,1,2516,"Non-Native 32","Non-Native"
"16052","PictureAccept","Unambiguous",5,1,2710,"Non-Native 32","Non-Native"
"16060","PictureAccept","Ambiguous",10,0,3809,"Non-Native 32","Non-Native"
"16116","PictureAccept","Unambiguous",11,0,4236,"Non-Native 32","Non-Native"
"16154","PictureAccept","Ambiguous",5,1,5407,"Non-Native 33","Non-Native"
"16182","PictureAccept","Unambiguous",10,1,1068,"Non-Native 33","Non-Native"
"16186","PictureAccept","Ambiguous",11,0,2782,"Non-Native 33","Non-Native"
"16210","PictureAccept","Unambiguous",4,1,889,"Non-Native 33","Non-Native"
"16238","PictureAccept","Ambiguous",1,1,811,"Non-Native 33","Non-Native"
"16250","PictureAccept","Unambiguous",8,1,1858,"Non-Native 33","Non-Native"
"16290","PictureAccept","Ambiguous",9,1,1380,"Non-Native 33","Non-Native"
"16294","PictureAccept","Unambiguous",2,1,1495,"Non-Native 33","Non-Native"
"16298","PictureAccept","Ambiguous",3,1,910,"Non-Native 33","Non-Native"
"16302","PictureAccept","Ambiguous",7,1,787,"Non-Native 33","Non-Native"
"16310","PictureAccept","Unambiguous",6,1,807,"Non-Native 33","Non-Native"
"16338","PictureAccept","Unambiguous",12,1,1524,"Non-Native 33","Non-Native"
"16384","PictureAccept","Ambiguous",2,1,3788,"Non-Native 34","Non-Native"
"16388","PictureAccept","Unambiguous",1,1,3571,"Non-Native 34","Non-Native"
"16412","PictureAccept","Unambiguous",9,1,4421,"Non-Native 34","Non-Native"
"16432","PictureAccept","Ambiguous",4,1,8348,"Non-Native 34","Non-Native"
"16460","PictureAccept","Ambiguous",8,1,7648,"Non-Native 34","Non-Native"
"16468","PictureAccept","Unambiguous",11,1,3557,"Non-Native 34","Non-Native"
"16476","PictureAccept","Unambiguous",5,1,5833,"Non-Native 34","Non-Native"
"16504","PictureAccept","Unambiguous",3,1,1565,"Non-Native 34","Non-Native"
"16528","PictureAccept","Ambiguous",6,0,919,"Non-Native 34","Non-Native"
"16540","PictureAccept","Ambiguous",12,1,4325,"Non-Native 34","Non-Native"
"16544","PictureAccept","Ambiguous",10,1,4871,"Non-Native 34","Non-Native"
"16560","PictureAccept","Unambiguous",7,1,2716,"Non-Native 34","Non-Native"
"16598","PictureAccept","Unambiguous",12,0,3289,"Non-Native 35","Non-Native"
"16654","PictureAccept","Unambiguous",6,1,3710,"Non-Native 35","Non-Native"
"16658","PictureAccept","Unambiguous",2,1,8118,"Non-Native 35","Non-Native"
"16666","PictureAccept","Ambiguous",11,1,2708,"Non-Native 35","Non-Native"
"16670","PictureAccept","Ambiguous",3,1,1871,"Non-Native 35","Non-Native"
"16678","PictureAccept","Ambiguous",5,1,2639,"Non-Native 35","Non-Native"
"16690","PictureAccept","Unambiguous",10,1,1195,"Non-Native 35","Non-Native"
"16718","PictureAccept","Ambiguous",7,1,4077,"Non-Native 35","Non-Native"
"16750","PictureAccept","Ambiguous",9,1,2430,"Non-Native 35","Non-Native"
"16774","PictureAccept","Unambiguous",4,1,1221,"Non-Native 35","Non-Native"
"16778","PictureAccept","Unambiguous",8,1,1384,"Non-Native 35","Non-Native"
"16782","PictureAccept","Ambiguous",1,1,1421,"Non-Native 35","Non-Native"
"16812","PictureAccept","Unambiguous",9,0,5758,"Non-Native 36","Non-Native"
"16840","PictureAccept","Ambiguous",8,0,8770,"Non-Native 36","Non-Native"
"16848","PictureAccept","Unambiguous",7,1,3426,"Non-Native 36","Non-Native"
"16868","PictureAccept","Unambiguous",11,1,1820,"Non-Native 36","Non-Native"
"16884","PictureAccept","Ambiguous",2,1,10307,"Non-Native 36","Non-Native"
"16904","PictureAccept","Ambiguous",4,0,4657,"Non-Native 36","Non-Native"
"16932","PictureAccept","Unambiguous",3,1,3627,"Non-Native 36","Non-Native"
"16944","PictureAccept","Ambiguous",10,1,2575,"Non-Native 36","Non-Native"
"16960","PictureAccept","Unambiguous",1,0,4817,"Non-Native 36","Non-Native"
"16964","PictureAccept","Unambiguous",5,1,2422,"Non-Native 36","Non-Native"
"16992","PictureAccept","Ambiguous",6,1,9278,"Non-Native 36","Non-Native"
"17024","PictureAccept","Ambiguous",12,1,2368,"Non-Native 36","Non-Native"
"17062","PictureAccept","Ambiguous",1,1,3081,"Non-Native 37","Non-Native"
"17102","PictureAccept","Unambiguous",10,1,3585,"Non-Native 37","Non-Native"
"17114","PictureAccept","Unambiguous",4,1,2338,"Non-Native 37","Non-Native"
"17118","PictureAccept","Ambiguous",9,1,2943,"Non-Native 37","Non-Native"
"17126","PictureAccept","Unambiguous",12,1,2905,"Non-Native 37","Non-Native"
"17158","PictureAccept","Unambiguous",2,1,1914,"Non-Native 37","Non-Native"
"17190","PictureAccept","Unambiguous",6,0,1662,"Non-Native 37","Non-Native"
"17194","PictureAccept","Ambiguous",3,1,3044,"Non-Native 37","Non-Native"
"17210","PictureAccept","Ambiguous",5,1,1358,"Non-Native 37","Non-Native"
"17230","PictureAccept","Unambiguous",8,1,1647,"Non-Native 37","Non-Native"
"17234","PictureAccept","Ambiguous",7,1,2498,"Non-Native 37","Non-Native"
"17238","PictureAccept","Ambiguous",11,1,768,"Non-Native 37","Non-Native"
"17258","PictureAccept","Unambiguous",9,1,5396,"Non-Native 38","Non-Native"
"17262","PictureAccept","Ambiguous",6,1,4940,"Non-Native 38","Non-Native"
"17286","PictureAccept","Ambiguous",12,1,4526,"Non-Native 38","Non-Native"
"17314","PictureAccept","Ambiguous",8,0,9028,"Non-Native 38","Non-Native"
"17334","PictureAccept","Ambiguous",4,1,6207,"Non-Native 38","Non-Native"
"17366","PictureAccept","Unambiguous",7,1,4124,"Non-Native 38","Non-Native"
"17370","PictureAccept","Unambiguous",5,1,1808,"Non-Native 38","Non-Native"
"17386","PictureAccept","Ambiguous",2,1,2011,"Non-Native 38","Non-Native"
"17406","PictureAccept","Ambiguous",10,1,2022,"Non-Native 38","Non-Native"
"17414","PictureAccept","Unambiguous",11,1,1521,"Non-Native 38","Non-Native"
"17446","PictureAccept","Unambiguous",3,1,1680,"Non-Native 38","Non-Native"
"17458","PictureAccept","Unambiguous",1,1,1598,"Non-Native 38","Non-Native"
"17490","PictureAccept","Unambiguous",2,1,7083,"Non-Native 39","Non-Native"
"17498","PictureAccept","Ambiguous",5,1,2870,"Non-Native 39","Non-Native"
"17510","PictureAccept","Ambiguous",7,1,3008,"Non-Native 39","Non-Native"
"17550","PictureAccept","Unambiguous",12,0,4191,"Non-Native 39","Non-Native"
"17566","PictureAccept","Unambiguous",8,0,2194,"Non-Native 39","Non-Native"
"17574","PictureAccept","Ambiguous",3,1,3186,"Non-Native 39","Non-Native"
"17590","PictureAccept","Ambiguous",9,1,4837,"Non-Native 39","Non-Native"
"17602","PictureAccept","Unambiguous",6,1,2426,"Non-Native 39","Non-Native"
"17622","PictureAccept","Ambiguous",11,0,1563,"Non-Native 39","Non-Native"
"17642","PictureAccept","Ambiguous",1,0,7479,"Non-Native 39","Non-Native"
"17662","PictureAccept","Unambiguous",10,1,1973,"Non-Native 39","Non-Native"
"17682","PictureAccept","Unambiguous",4,1,1147,"Non-Native 39","Non-Native"
"17706","PictureAccept","Unambiguous",5,1,2284,"Non-Native 40","Non-Native"
"17710","PictureAccept","Unambiguous",1,0,3120,"Non-Native 40","Non-Native"
"17714","PictureAccept","Ambiguous",12,0,2763,"Non-Native 40","Non-Native"
"17718","PictureAccept","Ambiguous",6,1,4348,"Non-Native 40","Non-Native"
"17814","PictureAccept","Ambiguous",2,1,1286,"Non-Native 40","Non-Native"
"17818","PictureAccept","Ambiguous",4,1,3455,"Non-Native 40","Non-Native"
"17830","PictureAccept","Unambiguous",11,1,1540,"Non-Native 40","Non-Native"
"17838","PictureAccept","Ambiguous",8,1,1024,"Non-Native 40","Non-Native"
"17850","PictureAccept","Ambiguous",10,0,4659,"Non-Native 40","Non-Native"
"17862","PictureAccept","Unambiguous",9,1,2465,"Non-Native 40","Non-Native"
"17878","PictureAccept","Unambiguous",3,1,2561,"Non-Native 40","Non-Native"
"17902","PictureAccept","Unambiguous",7,1,1569,"Non-Native 40","Non-Native"
