"","controller","condition","item","rt","NA","subject","group"
"11","DashedSentence","Unambiguous",17,5117,"FALSE","Native 1","Native"
"19","DashedSentence","Ambiguous",13,5683,"FALSE","Native 1","Native"
"31","DashedSentence","Ambiguous",4,5151,"FALSE","Native 1","Native"
"35","DashedSentence","Unambiguous",11,4266,"FALSE","Native 1","Native"
"79","DashedSentence","Unambiguous",2,4944,"FALSE","Native 1","Native"
"95","DashedSentence","Ambiguous",10,6865,"FALSE","Native 1","Native"
"103","DashedSentence","Ambiguous",16,9072,"FALSE","Native 1","Native"
"115","DashedSentence","Ambiguous",7,7014,"FALSE","Native 1","Native"
"143","DashedSentence","Ambiguous",1,6370,"FALSE","Native 1","Native"
"203","DashedSentence","Unambiguous",8,7753,"FALSE","Native 1","Native"
"207","DashedSentence","Unambiguous",14,6398,"FALSE","Native 1","Native"
"211","DashedSentence","Unambiguous",5,5248,"FALSE","Native 1","Native"
"243","DashedSentence","Ambiguous",15,4906,"FALSE","Native 2","Native"
"267","DashedSentence","Ambiguous",3,13039,"FALSE","Native 2","Native"
"283","DashedSentence","Unambiguous",10,7039,"FALSE","Native 2","Native"
"287","DashedSentence","Unambiguous",1,7125,"FALSE","Native 2","Native"
"291","DashedSentence","Ambiguous",18,12430,"FALSE","Native 2","Native"
"323","DashedSentence","Ambiguous",12,3454,"FALSE","Native 2","Native"
"339","DashedSentence","Unambiguous",7,252,"FALSE","Native 2","Native"
"355","DashedSentence","Ambiguous",9,8189,"FALSE","Native 2","Native"
"371","DashedSentence","Unambiguous",4,17615,"FALSE","Native 2","Native"
"379","DashedSentence","Ambiguous",6,4641,"FALSE","Native 2","Native"
"407","DashedSentence","Unambiguous",13,7225,"FALSE","Native 2","Native"
"435","DashedSentence","Unambiguous",16,17071,"FALSE","Native 2","Native"
"487","DashedSentence","Unambiguous",3,8520,"FALSE","Native 3","Native"
"495","DashedSentence","Ambiguous",5,9396,"FALSE","Native 3","Native"
"503","DashedSentence","Ambiguous",11,7273,"FALSE","Native 3","Native"
"523","DashedSentence","Unambiguous",18,8586,"FALSE","Native 3","Native"
"531","DashedSentence","Ambiguous",8,9086,"FALSE","Native 3","Native"
"563","DashedSentence","Unambiguous",12,4546,"FALSE","Native 3","Native"
"587","DashedSentence","Ambiguous",14,7865,"FALSE","Native 3","Native"
"603","DashedSentence","Ambiguous",17,5300,"FALSE","Native 3","Native"
"639","DashedSentence","Unambiguous",6,4662,"FALSE","Native 3","Native"
"647","DashedSentence","Unambiguous",9,8975,"FALSE","Native 3","Native"
"663","DashedSentence","Unambiguous",15,4751,"FALSE","Native 3","Native"
"671","DashedSentence","Ambiguous",2,6587,"FALSE","Native 3","Native"
"687","DashedSentence","Unambiguous",14,3229,"FALSE","Native 4","Native"
"731","DashedSentence","Unambiguous",17,4859,"FALSE","Native 4","Native"
"735","DashedSentence","Unambiguous",11,2450,"FALSE","Native 4","Native"
"751","DashedSentence","Unambiguous",2,2268,"FALSE","Native 4","Native"
"755","DashedSentence","Unambiguous",8,3665,"FALSE","Native 4","Native"
"779","DashedSentence","Unambiguous",5,6151,"FALSE","Native 4","Native"
"815","DashedSentence","Ambiguous",1,2420,"FALSE","Native 4","Native"
"823","DashedSentence","Ambiguous",4,3380,"FALSE","Native 4","Native"
"835","DashedSentence","Ambiguous",10,4453,"FALSE","Native 4","Native"
"859","DashedSentence","Ambiguous",7,2879,"FALSE","Native 4","Native"
"883","DashedSentence","Ambiguous",13,2160,"FALSE","Native 4","Native"
"891","DashedSentence","Ambiguous",16,4260,"FALSE","Native 4","Native"
"907","DashedSentence","Ambiguous",6,5311,"FALSE","Native 5","Native"
"911","DashedSentence","Unambiguous",16,4772,"FALSE","Native 5","Native"
"939","DashedSentence","Ambiguous",15,2575,"FALSE","Native 5","Native"
"971","DashedSentence","Ambiguous",12,4835,"FALSE","Native 5","Native"
"979","DashedSentence","Ambiguous",3,4809,"FALSE","Native 5","Native"
"1007","DashedSentence","Ambiguous",9,4733,"FALSE","Native 5","Native"
"1019","DashedSentence","Unambiguous",7,4205,"FALSE","Native 5","Native"
"1023","DashedSentence","Ambiguous",18,2431,"FALSE","Native 5","Native"
"1079","DashedSentence","Unambiguous",1,5285,"FALSE","Native 5","Native"
"1083","DashedSentence","Unambiguous",13,5236,"FALSE","Native 5","Native"
"1111","DashedSentence","Unambiguous",4,3245,"FALSE","Native 5","Native"
"1115","DashedSentence","Unambiguous",10,2415,"FALSE","Native 5","Native"
"1131","DashedSentence","Ambiguous",11,2683,"FALSE","Native 6","Native"
"1135","DashedSentence","Unambiguous",6,2199,"FALSE","Native 6","Native"
"1195","DashedSentence","Ambiguous",5,2308,"FALSE","Native 6","Native"
"1199","DashedSentence","Unambiguous",9,2077,"FALSE","Native 6","Native"
"1219","DashedSentence","Unambiguous",18,2101,"FALSE","Native 6","Native"
"1235","DashedSentence","Unambiguous",3,1959,"FALSE","Native 6","Native"
"1243","DashedSentence","Unambiguous",12,1975,"FALSE","Native 6","Native"
"1251","DashedSentence","Ambiguous",17,1974,"FALSE","Native 6","Native"
"1255","DashedSentence","Unambiguous",15,1933,"FALSE","Native 6","Native"
"1299","DashedSentence","Ambiguous",14,1894,"FALSE","Native 6","Native"
"1311","DashedSentence","Ambiguous",2,1795,"FALSE","Native 6","Native"
"1339","DashedSentence","Ambiguous",8,1734,"FALSE","Native 6","Native"
"1357","DashedSentence","Ambiguous",4,4465,"FALSE","Native 7","Native"
"1361","DashedSentence","Ambiguous",16,5532,"FALSE","Native 7","Native"
"1413","DashedSentence","Ambiguous",13,4571,"FALSE","Native 7","Native"
"1417","DashedSentence","Unambiguous",8,8911,"FALSE","Native 7","Native"
"1421","DashedSentence","Ambiguous",7,3818,"FALSE","Native 7","Native"
"1453","DashedSentence","Unambiguous",17,3960,"FALSE","Native 7","Native"
"1489","DashedSentence","Unambiguous",11,7239,"FALSE","Native 7","Native"
"1497","DashedSentence","Unambiguous",2,3488,"FALSE","Native 7","Native"
"1509","DashedSentence","Ambiguous",1,2987,"FALSE","Native 7","Native"
"1517","DashedSentence","Unambiguous",14,2690,"FALSE","Native 7","Native"
"1529","DashedSentence","Ambiguous",10,2952,"FALSE","Native 7","Native"
"1545","DashedSentence","Unambiguous",5,2493,"FALSE","Native 7","Native"
"1585","DashedSentence","Unambiguous",13,7867,"FALSE","Native 8","Native"
"1601","DashedSentence","Ambiguous",18,14584,"FALSE","Native 8","Native"
"1605","DashedSentence","Unambiguous",16,5870,"FALSE","Native 8","Native"
"1617","DashedSentence","Unambiguous",1,4377,"FALSE","Native 8","Native"
"1649","DashedSentence","Ambiguous",6,3790,"FALSE","Native 8","Native"
"1653","DashedSentence","Unambiguous",7,4326,"FALSE","Native 8","Native"
"1677","DashedSentence","Unambiguous",4,6198,"FALSE","Native 8","Native"
"1693","DashedSentence","Ambiguous",12,5960,"FALSE","Native 8","Native"
"1705","DashedSentence","Ambiguous",15,6987,"FALSE","Native 8","Native"
"1741","DashedSentence","Ambiguous",9,6945,"FALSE","Native 8","Native"
"1757","DashedSentence","Unambiguous",10,4682,"FALSE","Native 8","Native"
"1765","DashedSentence","Ambiguous",3,7930,"FALSE","Native 8","Native"
"1813","DashedSentence","Ambiguous",8,4901,"FALSE","Native 9","Native"
"1821","DashedSentence","Unambiguous",12,3330,"FALSE","Native 9","Native"
"1865","DashedSentence","Ambiguous",2,3082,"FALSE","Native 9","Native"
"1873","DashedSentence","Unambiguous",6,4055,"FALSE","Native 9","Native"
"1897","DashedSentence","Ambiguous",17,3780,"FALSE","Native 9","Native"
"1913","DashedSentence","Ambiguous",14,3729,"FALSE","Native 9","Native"
"1949","DashedSentence","Unambiguous",18,2818,"FALSE","Native 9","Native"
"1953","DashedSentence","Ambiguous",5,3578,"FALSE","Native 9","Native"
"1977","DashedSentence","Unambiguous",3,3559,"FALSE","Native 9","Native"
"1989","DashedSentence","Ambiguous",11,3886,"FALSE","Native 9","Native"
"1993","DashedSentence","Unambiguous",9,6243,"FALSE","Native 9","Native"
"2009","DashedSentence","Unambiguous",15,2073,"FALSE","Native 9","Native"
"2051","DashedSentence","Unambiguous",5,3036,"FALSE","Native 10","Native"
"2059","DashedSentence","Unambiguous",8,8167,"FALSE","Native 10","Native"
"2071","DashedSentence","Unambiguous",2,9953,"FALSE","Native 10","Native"
"2083","DashedSentence","Ambiguous",13,13008,"FALSE","Native 10","Native"
"2087","DashedSentence","Ambiguous",10,4515,"FALSE","Native 10","Native"
"2095","DashedSentence","Ambiguous",7,7083,"FALSE","Native 10","Native"
"2107","DashedSentence","Ambiguous",1,8916,"FALSE","Native 10","Native"
"2159","DashedSentence","Unambiguous",14,7046,"FALSE","Native 10","Native"
"2187","DashedSentence","Unambiguous",17,2707,"FALSE","Native 10","Native"
"2199","DashedSentence","Unambiguous",11,3830,"FALSE","Native 10","Native"
"2207","DashedSentence","Ambiguous",16,4672,"FALSE","Native 10","Native"
"2215","DashedSentence","Ambiguous",4,3938,"FALSE","Native 10","Native"
"2263","DashedSentence","Ambiguous",18,10343,"FALSE","Native 11","Native"
"2275","DashedSentence","Ambiguous",9,6134,"FALSE","Native 11","Native"
"2279","DashedSentence","Unambiguous",1,7329,"FALSE","Native 11","Native"
"2283","DashedSentence","Unambiguous",10,10694,"FALSE","Native 11","Native"
"2299","DashedSentence","Ambiguous",15,5818,"FALSE","Native 11","Native"
"2319","DashedSentence","Unambiguous",16,9578,"FALSE","Native 11","Native"
"2343","DashedSentence","Unambiguous",7,5577,"FALSE","Native 11","Native"
"2359","DashedSentence","Unambiguous",13,5487,"FALSE","Native 11","Native"
"2395","DashedSentence","Unambiguous",4,5172,"FALSE","Native 11","Native"
"2411","DashedSentence","Ambiguous",12,6812,"FALSE","Native 11","Native"
"2435","DashedSentence","Ambiguous",3,3484,"FALSE","Native 11","Native"
"2459","DashedSentence","Ambiguous",6,4601,"FALSE","Native 11","Native"
"2479","DashedSentence","Ambiguous",17,3894,"FALSE","Native 12","Native"
"2483","DashedSentence","Unambiguous",18,8796,"FALSE","Native 12","Native"
"2499","DashedSentence","Ambiguous",2,3605,"FALSE","Native 12","Native"
"2567","DashedSentence","Ambiguous",8,5121,"FALSE","Native 12","Native"
"2571","DashedSentence","Unambiguous",3,3305,"FALSE","Native 12","Native"
"2575","DashedSentence","Unambiguous",9,5950,"FALSE","Native 12","Native"
"2599","DashedSentence","Ambiguous",14,5896,"FALSE","Native 12","Native"
"2619","DashedSentence","Ambiguous",11,7373,"FALSE","Native 12","Native"
"2651","DashedSentence","Ambiguous",5,5846,"FALSE","Native 12","Native"
"2659","DashedSentence","Unambiguous",6,6974,"FALSE","Native 12","Native"
"2679","DashedSentence","Unambiguous",12,4052,"FALSE","Native 12","Native"
"2687","DashedSentence","Unambiguous",15,5176,"FALSE","Native 12","Native"
"2705","DashedSentence","Unambiguous",5,5288,"FALSE","Native 13","Native"
"2709","DashedSentence","Ambiguous",1,3733,"FALSE","Native 13","Native"
"2745","DashedSentence","Unambiguous",8,3307,"FALSE","Native 13","Native"
"2769","DashedSentence","Unambiguous",14,2650,"FALSE","Native 13","Native"
"2781","DashedSentence","Unambiguous",11,2821,"FALSE","Native 13","Native"
"2789","DashedSentence","Ambiguous",10,8677,"FALSE","Native 13","Native"
"2809","DashedSentence","Ambiguous",7,3547,"FALSE","Native 13","Native"
"2817","DashedSentence","Unambiguous",2,2198,"FALSE","Native 13","Native"
"2869","DashedSentence","Unambiguous",17,2674,"FALSE","Native 13","Native"
"2893","DashedSentence","Ambiguous",16,4125,"FALSE","Native 13","Native"
"2897","DashedSentence","Ambiguous",4,3104,"FALSE","Native 13","Native"
"2905","DashedSentence","Ambiguous",13,6298,"FALSE","Native 13","Native"
"2943","DashedSentence","Unambiguous",10,7336,"FALSE","Native 14","Native"
"2959","DashedSentence","Unambiguous",13,11400,"FALSE","Native 14","Native"
"2971","DashedSentence","Ambiguous",9,11381,"FALSE","Native 14","Native"
"2975","DashedSentence","Unambiguous",16,11413,"FALSE","Native 14","Native"
"2991","DashedSentence","Ambiguous",3,8812,"FALSE","Native 14","Native"
"2995","DashedSentence","Unambiguous",1,10849,"FALSE","Native 14","Native"
"3023","DashedSentence","Ambiguous",12,7207,"FALSE","Native 14","Native"
"3059","DashedSentence","Unambiguous",7,7078,"FALSE","Native 14","Native"
"3063","DashedSentence","Ambiguous",18,9678,"FALSE","Native 14","Native"
"3115","DashedSentence","Ambiguous",6,4545,"FALSE","Native 14","Native"
"3123","DashedSentence","Ambiguous",15,4815,"FALSE","Native 14","Native"
"3131","DashedSentence","Unambiguous",4,6791,"FALSE","Native 14","Native"
"3145","DashedSentence","Unambiguous",15,7392,"FALSE","Native 15","Native"
"3165","DashedSentence","Ambiguous",17,6563,"FALSE","Native 15","Native"
"3173","DashedSentence","Ambiguous",8,11173,"FALSE","Native 15","Native"
"3249","DashedSentence","Unambiguous",3,6415,"FALSE","Native 15","Native"
"3257","DashedSentence","Unambiguous",6,3971,"FALSE","Native 15","Native"
"3269","DashedSentence","Unambiguous",12,2728,"FALSE","Native 15","Native"
"3277","DashedSentence","Ambiguous",5,11074,"FALSE","Native 15","Native"
"3285","DashedSentence","Unambiguous",9,5155,"FALSE","Native 15","Native"
"3309","DashedSentence","Unambiguous",18,6744,"FALSE","Native 15","Native"
"3313","DashedSentence","Ambiguous",2,4164,"FALSE","Native 15","Native"
"3325","DashedSentence","Ambiguous",11,3538,"FALSE","Native 15","Native"
"3337","DashedSentence","Ambiguous",14,5833,"FALSE","Native 15","Native"
"3417","DashedSentence","Ambiguous",10,9694,"FALSE","Native 16","Native"
"3453","DashedSentence","Ambiguous",16,8445,"FALSE","Native 16","Native"
"3465","DashedSentence","Unambiguous",17,3777,"FALSE","Native 16","Native"
"3469","DashedSentence","Ambiguous",13,12037,"FALSE","Native 16","Native"
"3477","DashedSentence","Unambiguous",2,7753,"FALSE","Native 16","Native"
"3489","DashedSentence","Ambiguous",4,5239,"FALSE","Native 16","Native"
"3497","DashedSentence","Ambiguous",7,7860,"FALSE","Native 16","Native"
"3517","DashedSentence","Unambiguous",8,8841,"FALSE","Native 16","Native"
"3549","DashedSentence","Ambiguous",1,9879,"FALSE","Native 16","Native"
"3553","DashedSentence","Unambiguous",11,9390,"FALSE","Native 16","Native"
"3569","DashedSentence","Unambiguous",14,7861,"FALSE","Native 16","Native"
"3577","DashedSentence","Unambiguous",5,7244,"FALSE","Native 16","Native"
"3595","DashedSentence","Ambiguous",15,11018,"FALSE","Native 17","Native"
"3623","DashedSentence","Unambiguous",10,6178,"FALSE","Native 17","Native"
"3635","DashedSentence","Unambiguous",1,5513,"FALSE","Native 17","Native"
"3655","DashedSentence","Unambiguous",16,6375,"FALSE","Native 17","Native"
"3659","DashedSentence","Unambiguous",4,3559,"FALSE","Native 17","Native"
"3699","DashedSentence","Unambiguous",13,8738,"FALSE","Native 17","Native"
"3707","DashedSentence","Ambiguous",18,7978,"FALSE","Native 17","Native"
"3719","DashedSentence","Ambiguous",3,5497,"FALSE","Native 17","Native"
"3731","DashedSentence","Ambiguous",6,10741,"FALSE","Native 17","Native"
"3775","DashedSentence","Ambiguous",9,9375,"FALSE","Native 17","Native"
"3783","DashedSentence","Unambiguous",7,10143,"FALSE","Native 17","Native"
"3791","DashedSentence","Ambiguous",12,6998,"FALSE","Native 17","Native"
"3821","DashedSentence","Ambiguous",13,5999,"FALSE","Native 18","Native"
"3841","DashedSentence","Unambiguous",11,5671,"FALSE","Native 18","Native"
"3873","DashedSentence","Unambiguous",8,9153,"FALSE","Native 18","Native"
"3881","DashedSentence","Ambiguous",16,11007,"FALSE","Native 18","Native"
"3893","DashedSentence","Ambiguous",4,5696,"FALSE","Native 18","Native"
"3897","DashedSentence","Ambiguous",1,4289,"FALSE","Native 18","Native"
"3905","DashedSentence","Ambiguous",7,5529,"FALSE","Native 18","Native"
"3913","DashedSentence","Unambiguous",5,4753,"FALSE","Native 18","Native"
"3945","DashedSentence","Unambiguous",17,4342,"FALSE","Native 18","Native"
"3973","DashedSentence","Ambiguous",10,7671,"FALSE","Native 18","Native"
"3993","DashedSentence","Unambiguous",14,4172,"FALSE","Native 18","Native"
"3997","DashedSentence","Unambiguous",2,2976,"FALSE","Native 18","Native"
"4051","DashedSentence","Unambiguous",1,8573,"FALSE","Native 19","Native"
"4079","DashedSentence","Unambiguous",4,10017,"FALSE","Native 19","Native"
"4087","DashedSentence","Ambiguous",3,5175,"FALSE","Native 19","Native"
"4139","DashedSentence","Unambiguous",10,6470,"FALSE","Native 19","Native"
"4167","DashedSentence","Ambiguous",15,5248,"FALSE","Native 19","Native"
"4187","DashedSentence","Unambiguous",7,4296,"FALSE","Native 19","Native"
"4191","DashedSentence","Ambiguous",9,6561,"FALSE","Native 19","Native"
"4195","DashedSentence","Unambiguous",13,6204,"FALSE","Native 19","Native"
"4211","DashedSentence","Unambiguous",16,12088,"FALSE","Native 19","Native"
"4223","DashedSentence","Ambiguous",6,6193,"FALSE","Native 19","Native"
"4227","DashedSentence","Ambiguous",18,5298,"FALSE","Native 19","Native"
"4247","DashedSentence","Ambiguous",12,6349,"FALSE","Native 19","Native"
"4303","DashedSentence","Unambiguous",18,4998,"FALSE","Native 20","Native"
"4307","DashedSentence","Ambiguous",17,5456,"FALSE","Native 20","Native"
"4347","DashedSentence","Ambiguous",11,4119,"FALSE","Native 20","Native"
"4355","DashedSentence","Unambiguous",6,3765,"FALSE","Native 20","Native"
"4387","DashedSentence","Unambiguous",9,4034,"FALSE","Native 20","Native"
"4403","DashedSentence","Unambiguous",15,2603,"FALSE","Native 20","Native"
"4407","DashedSentence","Ambiguous",14,934,"FALSE","Native 20","Native"
"4411","DashedSentence","Unambiguous",12,1832,"FALSE","Native 20","Native"
"4419","DashedSentence","Ambiguous",5,2661,"FALSE","Native 20","Native"
"4435","DashedSentence","Ambiguous",8,1653,"FALSE","Native 20","Native"
"4451","DashedSentence","Ambiguous",2,3370,"FALSE","Native 20","Native"
"4463","DashedSentence","Unambiguous",3,1711,"FALSE","Native 20","Native"
"4493","DashedSentence","Unambiguous",2,1607,"FALSE","Native 21","Native"
"4505","DashedSentence","Unambiguous",17,2449,"FALSE","Native 21","Native"
"4517","DashedSentence","Ambiguous",13,2947,"FALSE","Native 21","Native"
"4573","DashedSentence","Ambiguous",4,2985,"FALSE","Native 21","Native"
"4585","DashedSentence","Unambiguous",11,1478,"FALSE","Native 21","Native"
"4609","DashedSentence","Unambiguous",5,2809,"FALSE","Native 21","Native"
"4625","DashedSentence","Ambiguous",1,2557,"FALSE","Native 21","Native"
"4629","DashedSentence","Ambiguous",10,2398,"FALSE","Native 21","Native"
"4653","DashedSentence","Ambiguous",7,4123,"FALSE","Native 21","Native"
"4665","DashedSentence","Ambiguous",16,3331,"FALSE","Native 21","Native"
"4673","DashedSentence","Unambiguous",8,2191,"FALSE","Native 21","Native"
"4697","DashedSentence","Unambiguous",14,1376,"FALSE","Native 21","Native"
"4713","DashedSentence","Ambiguous",3,7233,"FALSE","Native 22","Native"
"4717","DashedSentence","Unambiguous",4,9581,"FALSE","Native 22","Native"
"4769","DashedSentence","Unambiguous",10,5474,"FALSE","Native 22","Native"
"4773","DashedSentence","Unambiguous",1,9964,"FALSE","Native 22","Native"
"4793","DashedSentence","Ambiguous",9,12247,"FALSE","Native 22","Native"
"4801","DashedSentence","Unambiguous",7,4828,"FALSE","Native 22","Native"
"4821","DashedSentence","Ambiguous",18,6904,"FALSE","Native 22","Native"
"4829","DashedSentence","Unambiguous",13,7251,"FALSE","Native 22","Native"
"4881","DashedSentence","Ambiguous",15,7740,"FALSE","Native 22","Native"
"4885","DashedSentence","Ambiguous",6,3544,"FALSE","Native 22","Native"
"4913","DashedSentence","Ambiguous",12,3426,"FALSE","Native 22","Native"
"4925","DashedSentence","Unambiguous",16,3653,"FALSE","Native 22","Native"
"4939","DashedSentence","Unambiguous",3,4746,"FALSE","Native 23","Native"
"4951","DashedSentence","Ambiguous",5,6607,"FALSE","Native 23","Native"
"4955","DashedSentence","Unambiguous",6,3503,"FALSE","Native 23","Native"
"4979","DashedSentence","Unambiguous",18,5576,"FALSE","Native 23","Native"
"4995","DashedSentence","Unambiguous",9,4098,"FALSE","Native 23","Native"
"5011","DashedSentence","Unambiguous",15,3335,"FALSE","Native 23","Native"
"5015","DashedSentence","Ambiguous",11,9195,"FALSE","Native 23","Native"
"5027","DashedSentence","Ambiguous",14,5961,"FALSE","Native 23","Native"
"5039","DashedSentence","Ambiguous",8,4951,"FALSE","Native 23","Native"
"5083","DashedSentence","Ambiguous",2,6853,"FALSE","Native 23","Native"
"5119","DashedSentence","Ambiguous",17,3932,"FALSE","Native 23","Native"
"5143","DashedSentence","Unambiguous",12,4936,"FALSE","Native 23","Native"
"5167","DashedSentence","Unambiguous",2,7859,"FALSE","Native 24","Native"
"5179","DashedSentence","Ambiguous",10,5262,"FALSE","Native 24","Native"
"5215","DashedSentence","Ambiguous",7,7683,"FALSE","Native 24","Native"
"5227","DashedSentence","Ambiguous",16,5287,"FALSE","Native 24","Native"
"5239","DashedSentence","Ambiguous",13,3935,"FALSE","Native 24","Native"
"5263","DashedSentence","Unambiguous",8,6380,"FALSE","Native 24","Native"
"5275","DashedSentence","Unambiguous",5,5225,"FALSE","Native 24","Native"
"5303","DashedSentence","Unambiguous",14,8839,"FALSE","Native 24","Native"
"5311","DashedSentence","Unambiguous",17,7365,"FALSE","Native 24","Native"
"5347","DashedSentence","Ambiguous",1,6341,"FALSE","Native 24","Native"
"5367","DashedSentence","Unambiguous",11,5084,"FALSE","Native 24","Native"
"5375","DashedSentence","Ambiguous",4,4323,"FALSE","Native 24","Native"
"5389","DashedSentence","Ambiguous",18,14577,"FALSE","Native 25","Native"
"5417","DashedSentence","Unambiguous",10,8516,"FALSE","Native 25","Native"
"5441","DashedSentence","Ambiguous",6,11084,"FALSE","Native 25","Native"
"5461","DashedSentence","Ambiguous",15,5244,"FALSE","Native 25","Native"
"5465","DashedSentence","Unambiguous",1,8698,"FALSE","Native 25","Native"
"5473","DashedSentence","Unambiguous",16,9982,"FALSE","Native 25","Native"
"5477","DashedSentence","Unambiguous",7,8979,"FALSE","Native 25","Native"
"5497","DashedSentence","Ambiguous",9,9479,"FALSE","Native 25","Native"
"5505","DashedSentence","Ambiguous",12,7365,"FALSE","Native 25","Native"
"5521","DashedSentence","Unambiguous",4,5045,"FALSE","Native 25","Native"
"5585","DashedSentence","Ambiguous",3,6905,"FALSE","Native 25","Native"
"5589","DashedSentence","Unambiguous",13,8491,"FALSE","Native 25","Native"
"5625","DashedSentence","Ambiguous",17,2624,"FALSE","Native 26","Native"
"5629","DashedSentence","Unambiguous",3,4658,"FALSE","Native 26","Native"
"5637","DashedSentence","Ambiguous",2,2849,"FALSE","Native 26","Native"
"5641","DashedSentence","Unambiguous",18,4924,"FALSE","Native 26","Native"
"5645","DashedSentence","Unambiguous",12,3977,"FALSE","Native 26","Native"
"5665","DashedSentence","Ambiguous",8,4187,"FALSE","Native 26","Native"
"5669","DashedSentence","Unambiguous",6,4125,"FALSE","Native 26","Native"
"5693","DashedSentence","Ambiguous",11,4462,"FALSE","Native 26","Native"
"5709","DashedSentence","Unambiguous",9,4943,"FALSE","Native 26","Native"
"5721","DashedSentence","Ambiguous",5,4481,"FALSE","Native 26","Native"
"5761","DashedSentence","Unambiguous",15,3513,"FALSE","Native 26","Native"
"5789","DashedSentence","Ambiguous",14,4173,"FALSE","Native 26","Native"
"5833","DashedSentence","Unambiguous",5,2896,"FALSE","Native 27","Native"
"5837","DashedSentence","Ambiguous",1,6631,"FALSE","Native 27","Native"
"5845","DashedSentence","Ambiguous",4,4043,"FALSE","Native 27","Native"
"5889","DashedSentence","Unambiguous",8,6457,"FALSE","Native 27","Native"
"5897","DashedSentence","Ambiguous",16,3600,"FALSE","Native 27","Native"
"5925","DashedSentence","Ambiguous",10,4223,"FALSE","Native 27","Native"
"5937","DashedSentence","Unambiguous",11,4825,"FALSE","Native 27","Native"
"5977","DashedSentence","Unambiguous",2,2417,"FALSE","Native 27","Native"
"5981","DashedSentence","Ambiguous",7,3458,"FALSE","Native 27","Native"
"6005","DashedSentence","Ambiguous",13,8230,"FALSE","Native 27","Native"
"6013","DashedSentence","Unambiguous",14,2422,"FALSE","Native 27","Native"
"6025","DashedSentence","Unambiguous",17,3620,"FALSE","Native 27","Native"
"6063","DashedSentence","Ambiguous",12,5383,"FALSE","Native 28","Native"
"6067","DashedSentence","Unambiguous",16,10241,"FALSE","Native 28","Native"
"6087","DashedSentence","Ambiguous",18,14297,"FALSE","Native 28","Native"
"6115","DashedSentence","Unambiguous",7,12125,"FALSE","Native 28","Native"
"6151","DashedSentence","Ambiguous",6,11288,"FALSE","Native 28","Native"
"6171","DashedSentence","Unambiguous",13,4577,"FALSE","Native 28","Native"
"6179","DashedSentence","Unambiguous",4,6207,"FALSE","Native 28","Native"
"6227","DashedSentence","Unambiguous",10,6830,"FALSE","Native 28","Native"
"6231","DashedSentence","Ambiguous",15,5675,"FALSE","Native 28","Native"
"6251","DashedSentence","Ambiguous",3,9161,"FALSE","Native 28","Native"
"6259","DashedSentence","Unambiguous",1,10224,"FALSE","Native 28","Native"
"6267","DashedSentence","Ambiguous",9,4927,"FALSE","Native 28","Native"
"6289","DashedSentence","Ambiguous",11,3211,"FALSE","Native 29","Native"
"6317","DashedSentence","Unambiguous",3,3568,"FALSE","Native 29","Native"
"6349","DashedSentence","Ambiguous",8,4103,"FALSE","Native 29","Native"
"6361","DashedSentence","Ambiguous",5,2566,"FALSE","Native 29","Native"
"6377","DashedSentence","Unambiguous",15,3098,"FALSE","Native 29","Native"
"6381","DashedSentence","Ambiguous",2,3906,"FALSE","Native 29","Native"
"6389","DashedSentence","Unambiguous",9,5134,"FALSE","Native 29","Native"
"6405","DashedSentence","Unambiguous",12,3647,"FALSE","Native 29","Native"
"6421","DashedSentence","Unambiguous",18,2701,"FALSE","Native 29","Native"
"6433","DashedSentence","Ambiguous",17,3630,"FALSE","Native 29","Native"
"6441","DashedSentence","Unambiguous",6,2103,"FALSE","Native 29","Native"
"6457","DashedSentence","Ambiguous",14,2153,"FALSE","Native 29","Native"
"6511","DashedSentence","Unambiguous",2,10756,"FALSE","Native 30","Native"
"6539","DashedSentence","Unambiguous",5,6909,"FALSE","Native 30","Native"
"6563","DashedSentence","Unambiguous",11,9135,"FALSE","Native 30","Native"
"6567","DashedSentence","Unambiguous",14,5068,"FALSE","Native 30","Native"
"6575","DashedSentence","Ambiguous",13,5495,"FALSE","Native 30","Native"
"6627","DashedSentence","Unambiguous",17,18364,"FALSE","Native 30","Native"
"6639","DashedSentence","Ambiguous",16,5319,"FALSE","Native 30","Native"
"6647","DashedSentence","Ambiguous",4,3291,"FALSE","Native 30","Native"
"6651","DashedSentence","Unambiguous",8,4011,"FALSE","Native 30","Native"
"6671","DashedSentence","Ambiguous",1,7526,"FALSE","Native 30","Native"
"6675","DashedSentence","Ambiguous",7,8335,"FALSE","Native 30","Native"
"6707","DashedSentence","Ambiguous",10,6574,"FALSE","Native 30","Native"
"6735","DashedSentence","Unambiguous",1,4741,"FALSE","Native 31","Native"
"6755","DashedSentence","Ambiguous",15,5449,"FALSE","Native 31","Native"
"6759","DashedSentence","Ambiguous",12,6471,"FALSE","Native 31","Native"
"6775","DashedSentence","Unambiguous",7,8227,"FALSE","Native 31","Native"
"6779","DashedSentence","Ambiguous",6,8240,"FALSE","Native 31","Native"
"6791","DashedSentence","Ambiguous",18,7540,"FALSE","Native 31","Native"
"6827","DashedSentence","Ambiguous",9,5056,"FALSE","Native 31","Native"
"6887","DashedSentence","Unambiguous",10,4746,"FALSE","Native 31","Native"
"6907","DashedSentence","Unambiguous",16,4547,"FALSE","Native 31","Native"
"6911","DashedSentence","Ambiguous",3,4263,"FALSE","Native 31","Native"
"6915","DashedSentence","Unambiguous",4,6860,"FALSE","Native 31","Native"
"6939","DashedSentence","Unambiguous",13,3455,"FALSE","Native 31","Native"
"6985","DashedSentence","Ambiguous",5,7724,"FALSE","Native 32","Native"
"7001","DashedSentence","Unambiguous",12,6793,"FALSE","Native 32","Native"
"7009","DashedSentence","Ambiguous",2,4183,"FALSE","Native 32","Native"
"7057","DashedSentence","Unambiguous",9,4518,"FALSE","Native 32","Native"
"7069","DashedSentence","Unambiguous",15,4163,"FALSE","Native 32","Native"
"7073","DashedSentence","Ambiguous",11,4339,"FALSE","Native 32","Native"
"7081","DashedSentence","Unambiguous",18,5297,"FALSE","Native 32","Native"
"7133","DashedSentence","Unambiguous",6,5565,"FALSE","Native 32","Native"
"7141","DashedSentence","Ambiguous",17,3679,"FALSE","Native 32","Native"
"7145","DashedSentence","Unambiguous",3,3691,"FALSE","Native 32","Native"
"7149","DashedSentence","Ambiguous",8,5454,"FALSE","Native 32","Native"
"7161","DashedSentence","Ambiguous",14,3597,"FALSE","Native 32","Native"
"7189","DashedSentence","Unambiguous",5,5731,"FALSE","Native 33","Native"
"7197","DashedSentence","Ambiguous",7,5776,"FALSE","Native 33","Native"
"7201","DashedSentence","Unambiguous",11,4828,"FALSE","Native 33","Native"
"7205","DashedSentence","Unambiguous",8,5148,"FALSE","Native 33","Native"
"7285","DashedSentence","Ambiguous",10,5278,"FALSE","Native 33","Native"
"7309","DashedSentence","Ambiguous",13,6379,"FALSE","Native 33","Native"
"7321","DashedSentence","Ambiguous",4,4147,"FALSE","Native 33","Native"
"7329","DashedSentence","Unambiguous",2,6289,"FALSE","Native 33","Native"
"7337","DashedSentence","Ambiguous",16,6324,"FALSE","Native 33","Native"
"7345","DashedSentence","Unambiguous",17,7301,"FALSE","Native 33","Native"
"7373","DashedSentence","Ambiguous",1,4776,"FALSE","Native 33","Native"
"7385","DashedSentence","Unambiguous",14,5701,"FALSE","Native 33","Native"
"7401","DashedSentence","Unambiguous",7,5767,"FALSE","Native 34","Native"
"7413","DashedSentence","Unambiguous",1,5498,"FALSE","Native 34","Native"
"7421","DashedSentence","Ambiguous",15,3468,"FALSE","Native 34","Native"
"7433","DashedSentence","Unambiguous",13,6678,"FALSE","Native 34","Native"
"7453","DashedSentence","Ambiguous",12,8421,"FALSE","Native 34","Native"
"7477","DashedSentence","Ambiguous",18,6017,"FALSE","Native 34","Native"
"7497","DashedSentence","Unambiguous",4,7478,"FALSE","Native 34","Native"
"7501","DashedSentence","Ambiguous",9,6468,"FALSE","Native 34","Native"
"7509","DashedSentence","Unambiguous",10,5845,"FALSE","Native 34","Native"
"7581","DashedSentence","Unambiguous",16,4053,"FALSE","Native 34","Native"
"7597","DashedSentence","Ambiguous",6,2918,"FALSE","Native 34","Native"
"7601","DashedSentence","Ambiguous",3,7735,"FALSE","Native 34","Native"
"7671","DashedSentence","Unambiguous",3,6888,"FALSE","Native 35","Native"
"7683","DashedSentence","Ambiguous",5,6169,"FALSE","Native 35","Native"
"7687","DashedSentence","Unambiguous",9,5712,"FALSE","Native 35","Native"
"7703","DashedSentence","Ambiguous",14,7014,"FALSE","Native 35","Native"
"7711","DashedSentence","Ambiguous",11,9156,"FALSE","Native 35","Native"
"7731","DashedSentence","Ambiguous",8,6655,"FALSE","Native 35","Native"
"7735","DashedSentence","Unambiguous",6,11808,"FALSE","Native 35","Native"
"7755","DashedSentence","Ambiguous",17,5507,"FALSE","Native 35","Native"
"7759","DashedSentence","Unambiguous",18,5880,"FALSE","Native 35","Native"
"7763","DashedSentence","Unambiguous",15,6814,"FALSE","Native 35","Native"
"7791","DashedSentence","Ambiguous",2,7151,"FALSE","Native 35","Native"
"7839","DashedSentence","Unambiguous",12,7498,"FALSE","Native 35","Native"
"7855","DashedSentence","Unambiguous",5,2648,"FALSE","Native 36","Native"
"7867","DashedSentence","Ambiguous",4,2355,"FALSE","Native 36","Native"
"7871","DashedSentence","Unambiguous",14,7856,"FALSE","Native 36","Native"
"7875","DashedSentence","Unambiguous",17,2226,"FALSE","Native 36","Native"
"7887","DashedSentence","Unambiguous",11,2959,"FALSE","Native 36","Native"
"7903","DashedSentence","Ambiguous",13,2348,"FALSE","Native 36","Native"
"7963","DashedSentence","Unambiguous",8,4759,"FALSE","Native 36","Native"
"7987","DashedSentence","Unambiguous",2,3928,"FALSE","Native 36","Native"
"8011","DashedSentence","Ambiguous",16,4792,"FALSE","Native 36","Native"
"8019","DashedSentence","Ambiguous",1,2844,"FALSE","Native 36","Native"
"8047","DashedSentence","Ambiguous",7,5217,"FALSE","Native 36","Native"
"8051","DashedSentence","Ambiguous",10,3043,"FALSE","Native 36","Native"
"8087","DashedSentence","Ambiguous",3,8240,"FALSE","Native 37","Native"
"8091","DashedSentence","Ambiguous",15,4802,"FALSE","Native 37","Native"
"8123","DashedSentence","Ambiguous",9,7510,"FALSE","Native 37","Native"
"8127","DashedSentence","Unambiguous",10,4442,"FALSE","Native 37","Native"
"8143","DashedSentence","Unambiguous",1,8584,"FALSE","Native 37","Native"
"8151","DashedSentence","Unambiguous",4,8622,"FALSE","Native 37","Native"
"8179","DashedSentence","Unambiguous",13,10304,"FALSE","Native 37","Native"
"8207","DashedSentence","Ambiguous",18,6690,"FALSE","Native 37","Native"
"8211","DashedSentence","Ambiguous",12,19298,"FALSE","Native 37","Native"
"8219","DashedSentence","Unambiguous",16,5158,"FALSE","Native 37","Native"
"8247","DashedSentence","Unambiguous",7,5507,"FALSE","Native 37","Native"
"8283","DashedSentence","Ambiguous",6,3985,"FALSE","Native 37","Native"
"8315","DashedSentence","Unambiguous",6,4322,"FALSE","Native 38","Native"
"8319","DashedSentence","Unambiguous",15,4556,"FALSE","Native 38","Native"
"8327","DashedSentence","Ambiguous",2,6488,"FALSE","Native 38","Native"
"8347","DashedSentence","Unambiguous",3,4461,"FALSE","Native 38","Native"
"8383","DashedSentence","Ambiguous",17,7625,"FALSE","Native 38","Native"
"8387","DashedSentence","Ambiguous",8,7570,"FALSE","Native 38","Native"
"8403","DashedSentence","Unambiguous",18,7760,"FALSE","Native 38","Native"
"8431","DashedSentence","Unambiguous",9,4937,"FALSE","Native 38","Native"
"8455","DashedSentence","Ambiguous",11,12742,"FALSE","Native 38","Native"
"8459","DashedSentence","Ambiguous",14,5623,"FALSE","Native 38","Native"
"8479","DashedSentence","Unambiguous",12,5527,"FALSE","Native 38","Native"
"8495","DashedSentence","Ambiguous",5,5878,"FALSE","Native 38","Native"
"8523","DashedSentence","Ambiguous",4,4763,"FALSE","Native 39","Native"
"8535","DashedSentence","Unambiguous",5,4298,"FALSE","Native 39","Native"
"8547","DashedSentence","Ambiguous",7,5910,"FALSE","Native 39","Native"
"8567","DashedSentence","Unambiguous",11,9647,"FALSE","Native 39","Native"
"8571","DashedSentence","Ambiguous",16,8416,"FALSE","Native 39","Native"
"8599","DashedSentence","Unambiguous",14,3190,"FALSE","Native 39","Native"
"8623","DashedSentence","Unambiguous",2,2611,"FALSE","Native 39","Native"
"8627","DashedSentence","Ambiguous",13,6968,"FALSE","Native 39","Native"
"8691","DashedSentence","Unambiguous",8,5203,"FALSE","Native 39","Native"
"8703","DashedSentence","Unambiguous",17,4336,"FALSE","Native 39","Native"
"8715","DashedSentence","Ambiguous",1,2248,"FALSE","Native 39","Native"
"8731","DashedSentence","Ambiguous",10,5489,"FALSE","Native 39","Native"
"8749","DashedSentence","Unambiguous",9,4331,"FALSE","Native 40","Native"
"8777","DashedSentence","Ambiguous",2,7155,"FALSE","Native 40","Native"
"8797","DashedSentence","Unambiguous",3,8242,"FALSE","Native 40","Native"
"8809","DashedSentence","Ambiguous",14,6255,"FALSE","Native 40","Native"
"8885","DashedSentence","Ambiguous",17,8917,"FALSE","Native 40","Native"
"8909","DashedSentence","Unambiguous",6,5297,"FALSE","Native 40","Native"
"8913","DashedSentence","Ambiguous",8,7869,"FALSE","Native 40","Native"
"8917","DashedSentence","Unambiguous",15,7284,"FALSE","Native 40","Native"
"8921","DashedSentence","Ambiguous",11,5745,"FALSE","Native 40","Native"
"8925","DashedSentence","Ambiguous",5,8867,"FALSE","Native 40","Native"
"8945","DashedSentence","Unambiguous",18,4770,"FALSE","Native 40","Native"
"8949","DashedSentence","Unambiguous",12,5569,"FALSE","Native 40","Native"
"8985","DashedSentence","Ambiguous",13,6909,"FALSE","Non-Native 1","Non-Native"
"9033","DashedSentence","Unambiguous",5,8185,"FALSE","Non-Native 1","Non-Native"
"9057","DashedSentence","Ambiguous",16,5109,"FALSE","Non-Native 1","Non-Native"
"9065","DashedSentence","Unambiguous",8,6145,"FALSE","Non-Native 1","Non-Native"
"9101","DashedSentence","Ambiguous",10,10139,"FALSE","Non-Native 1","Non-Native"
"9117","DashedSentence","Unambiguous",14,6925,"FALSE","Non-Native 1","Non-Native"
"9121","DashedSentence","Unambiguous",2,4602,"FALSE","Non-Native 1","Non-Native"
"9137","DashedSentence","Unambiguous",17,9037,"FALSE","Non-Native 1","Non-Native"
"9157","DashedSentence","Ambiguous",4,4665,"FALSE","Non-Native 1","Non-Native"
"9169","DashedSentence","Ambiguous",7,7182,"FALSE","Non-Native 1","Non-Native"
"9173","DashedSentence","Unambiguous",11,6544,"FALSE","Non-Native 1","Non-Native"
"9177","DashedSentence","Ambiguous",1,5686,"FALSE","Non-Native 1","Non-Native"
"9217","DashedSentence","Unambiguous",7,7466,"FALSE","Non-Native 2","Non-Native"
"9245","DashedSentence","Ambiguous",3,6155,"FALSE","Non-Native 2","Non-Native"
"9265","DashedSentence","Ambiguous",18,7427,"FALSE","Non-Native 2","Non-Native"
"9269","DashedSentence","Unambiguous",1,6847,"FALSE","Non-Native 2","Non-Native"
"9289","DashedSentence","Unambiguous",16,6508,"FALSE","Non-Native 2","Non-Native"
"9301","DashedSentence","Unambiguous",10,6732,"FALSE","Non-Native 2","Non-Native"
"9341","DashedSentence","Unambiguous",4,3121,"FALSE","Non-Native 2","Non-Native"
"9349","DashedSentence","Unambiguous",13,3226,"FALSE","Non-Native 2","Non-Native"
"9357","DashedSentence","Ambiguous",9,7251,"FALSE","Non-Native 2","Non-Native"
"9369","DashedSentence","Ambiguous",6,5872,"FALSE","Non-Native 2","Non-Native"
"9385","DashedSentence","Ambiguous",15,7433,"FALSE","Non-Native 2","Non-Native"
"9389","DashedSentence","Ambiguous",12,6699,"FALSE","Non-Native 2","Non-Native"
"9423","DashedSentence","Ambiguous",5,9906,"FALSE","Non-Native 3","Non-Native"
"9427","DashedSentence","Ambiguous",14,6374,"FALSE","Non-Native 3","Non-Native"
"9447","DashedSentence","Unambiguous",15,6089,"FALSE","Non-Native 3","Non-Native"
"9463","DashedSentence","Ambiguous",17,9233,"FALSE","Non-Native 3","Non-Native"
"9467","DashedSentence","Unambiguous",12,6650,"FALSE","Non-Native 3","Non-Native"
"9479","DashedSentence","Unambiguous",9,6359,"FALSE","Non-Native 3","Non-Native"
"9483","DashedSentence","Ambiguous",8,6874,"FALSE","Non-Native 3","Non-Native"
"9563","DashedSentence","Unambiguous",6,7576,"FALSE","Non-Native 3","Non-Native"
"9567","DashedSentence","Unambiguous",3,6779,"FALSE","Non-Native 3","Non-Native"
"9591","DashedSentence","Unambiguous",18,7093,"FALSE","Non-Native 3","Non-Native"
"9615","DashedSentence","Ambiguous",2,7975,"FALSE","Non-Native 3","Non-Native"
"9623","DashedSentence","Ambiguous",11,7211,"FALSE","Non-Native 3","Non-Native"
"9643","DashedSentence","Unambiguous",11,5294,"FALSE","Non-Native 4","Non-Native"
"9663","DashedSentence","Unambiguous",5,8060,"FALSE","Non-Native 4","Non-Native"
"9671","DashedSentence","Unambiguous",14,3367,"FALSE","Non-Native 4","Non-Native"
"9695","DashedSentence","Ambiguous",13,11551,"FALSE","Non-Native 4","Non-Native"
"9707","DashedSentence","Ambiguous",7,5349,"FALSE","Non-Native 4","Non-Native"
"9719","DashedSentence","Ambiguous",10,22980,"FALSE","Non-Native 4","Non-Native"
"9727","DashedSentence","Ambiguous",1,3020,"FALSE","Non-Native 4","Non-Native"
"9731","DashedSentence","Unambiguous",8,13268,"FALSE","Non-Native 4","Non-Native"
"9763","DashedSentence","Ambiguous",4,6013,"FALSE","Non-Native 4","Non-Native"
"9795","DashedSentence","Unambiguous",17,5503,"FALSE","Non-Native 4","Non-Native"
"9799","DashedSentence","Ambiguous",16,36763,"FALSE","Non-Native 4","Non-Native"
"9815","DashedSentence","Unambiguous",2,9449,"FALSE","Non-Native 4","Non-Native"
"9921","DashedSentence","Unambiguous",10,16586,"FALSE","Non-Native 5","Non-Native"
"9949","DashedSentence","Ambiguous",3,8525,"FALSE","Non-Native 5","Non-Native"
"9957","DashedSentence","Unambiguous",4,12788,"FALSE","Non-Native 5","Non-Native"
"9961","DashedSentence","Unambiguous",1,18195,"FALSE","Non-Native 5","Non-Native"
"9965","DashedSentence","Ambiguous",18,5844,"FALSE","Non-Native 5","Non-Native"
"9981","DashedSentence","Ambiguous",12,12012,"FALSE","Non-Native 5","Non-Native"
"9985","DashedSentence","Unambiguous",7,14593,"FALSE","Non-Native 5","Non-Native"
"9989","DashedSentence","Unambiguous",16,12328,"FALSE","Non-Native 5","Non-Native"
"9997","DashedSentence","Unambiguous",13,9150,"FALSE","Non-Native 5","Non-Native"
"10009","DashedSentence","Ambiguous",6,4403,"FALSE","Non-Native 5","Non-Native"
"10057","DashedSentence","Ambiguous",9,5815,"FALSE","Non-Native 5","Non-Native"
"10061","DashedSentence","Ambiguous",15,11078,"FALSE","Non-Native 5","Non-Native"
"10137","DashedSentence","Ambiguous",8,16481,"FALSE","Non-Native 6","Non-Native"
"10141","DashedSentence","Unambiguous",12,10007,"FALSE","Non-Native 6","Non-Native"
"10145","DashedSentence","Ambiguous",14,11976,"FALSE","Non-Native 6","Non-Native"
"10157","DashedSentence","Ambiguous",2,24053,"FALSE","Non-Native 6","Non-Native"
"10165","DashedSentence","Unambiguous",9,11228,"FALSE","Non-Native 6","Non-Native"
"10169","DashedSentence","Ambiguous",5,12967,"FALSE","Non-Native 6","Non-Native"
"10185","DashedSentence","Unambiguous",15,10639,"FALSE","Non-Native 6","Non-Native"
"10241","DashedSentence","Unambiguous",6,8607,"FALSE","Non-Native 6","Non-Native"
"10257","DashedSentence","Unambiguous",3,3404,"FALSE","Non-Native 6","Non-Native"
"10289","DashedSentence","Ambiguous",17,13540,"FALSE","Non-Native 6","Non-Native"
"10297","DashedSentence","Unambiguous",18,8504,"FALSE","Non-Native 6","Non-Native"
"10301","DashedSentence","Ambiguous",11,7595,"FALSE","Non-Native 6","Non-Native"
"10359","DashedSentence","Ambiguous",1,5577,"FALSE","Non-Native 7","Non-Native"
"10375","DashedSentence","Ambiguous",10,9483,"FALSE","Non-Native 7","Non-Native"
"10383","DashedSentence","Ambiguous",13,10430,"FALSE","Non-Native 7","Non-Native"
"10407","DashedSentence","Unambiguous",17,8430,"FALSE","Non-Native 7","Non-Native"
"10435","DashedSentence","Unambiguous",14,7128,"FALSE","Non-Native 7","Non-Native"
"10447","DashedSentence","Ambiguous",7,7641,"FALSE","Non-Native 7","Non-Native"
"10451","DashedSentence","Unambiguous",5,17165,"FALSE","Non-Native 7","Non-Native"
"10459","DashedSentence","Ambiguous",16,13200,"FALSE","Non-Native 7","Non-Native"
"10463","DashedSentence","Unambiguous",2,8070,"FALSE","Non-Native 7","Non-Native"
"10467","DashedSentence","Unambiguous",11,5899,"FALSE","Non-Native 7","Non-Native"
"10519","DashedSentence","Unambiguous",8,9621,"FALSE","Non-Native 7","Non-Native"
"10523","DashedSentence","Ambiguous",4,3864,"FALSE","Non-Native 7","Non-Native"
"10541","DashedSentence","Ambiguous",12,8316,"FALSE","Non-Native 8","Non-Native"
"10561","DashedSentence","Ambiguous",9,8830,"FALSE","Non-Native 8","Non-Native"
"10577","DashedSentence","Unambiguous",13,8893,"FALSE","Non-Native 8","Non-Native"
"10589","DashedSentence","Unambiguous",16,14404,"FALSE","Non-Native 8","Non-Native"
"10593","DashedSentence","Unambiguous",7,10913,"FALSE","Non-Native 8","Non-Native"
"10601","DashedSentence","Ambiguous",6,10887,"FALSE","Non-Native 8","Non-Native"
"10609","DashedSentence","Unambiguous",10,17465,"FALSE","Non-Native 8","Non-Native"
"10657","DashedSentence","Ambiguous",3,4516,"FALSE","Non-Native 8","Non-Native"
"10677","DashedSentence","Ambiguous",15,6360,"FALSE","Non-Native 8","Non-Native"
"10685","DashedSentence","Unambiguous",4,8655,"FALSE","Non-Native 8","Non-Native"
"10705","DashedSentence","Unambiguous",1,4717,"FALSE","Non-Native 8","Non-Native"
"10709","DashedSentence","Ambiguous",18,7444,"FALSE","Non-Native 8","Non-Native"
"10765","DashedSentence","Ambiguous",5,8866,"FALSE","Non-Native 9","Non-Native"
"10817","DashedSentence","Unambiguous",3,3923,"FALSE","Non-Native 9","Non-Native"
"10821","DashedSentence","Ambiguous",11,6938,"FALSE","Non-Native 9","Non-Native"
"10829","DashedSentence","Unambiguous",18,4005,"FALSE","Non-Native 9","Non-Native"
"10833","DashedSentence","Unambiguous",12,7444,"FALSE","Non-Native 9","Non-Native"
"10837","DashedSentence","Ambiguous",14,6179,"FALSE","Non-Native 9","Non-Native"
"10865","DashedSentence","Ambiguous",17,9602,"FALSE","Non-Native 9","Non-Native"
"10897","DashedSentence","Unambiguous",15,5337,"FALSE","Non-Native 9","Non-Native"
"10905","DashedSentence","Ambiguous",8,5099,"FALSE","Non-Native 9","Non-Native"
"10941","DashedSentence","Unambiguous",6,5211,"FALSE","Non-Native 9","Non-Native"
"10957","DashedSentence","Unambiguous",9,7973,"FALSE","Non-Native 9","Non-Native"
"10969","DashedSentence","Ambiguous",2,7479,"FALSE","Non-Native 9","Non-Native"
"10997","DashedSentence","Ambiguous",1,9190,"FALSE","Non-Native 10","Non-Native"
"11005","DashedSentence","Unambiguous",17,15108,"FALSE","Non-Native 10","Non-Native"
"11061","DashedSentence","Ambiguous",13,6859,"FALSE","Non-Native 10","Non-Native"
"11093","DashedSentence","Ambiguous",10,12122,"FALSE","Non-Native 10","Non-Native"
"11097","DashedSentence","Ambiguous",7,13065,"FALSE","Non-Native 10","Non-Native"
"11101","DashedSentence","Ambiguous",16,9473,"FALSE","Non-Native 10","Non-Native"
"11117","DashedSentence","Unambiguous",5,11557,"FALSE","Non-Native 10","Non-Native"
"11133","DashedSentence","Unambiguous",11,16973,"FALSE","Non-Native 10","Non-Native"
"11173","DashedSentence","Unambiguous",14,20909,"FALSE","Non-Native 10","Non-Native"
"11177","DashedSentence","Ambiguous",4,11816,"FALSE","Non-Native 10","Non-Native"
"11181","DashedSentence","Unambiguous",8,14821,"FALSE","Non-Native 10","Non-Native"
"11193","DashedSentence","Unambiguous",2,8057,"FALSE","Non-Native 10","Non-Native"
"11243","DashedSentence","Ambiguous",15,12516,"FALSE","Non-Native 11","Non-Native"
"11263","DashedSentence","Unambiguous",7,5625,"FALSE","Non-Native 11","Non-Native"
"11267","DashedSentence","Unambiguous",13,9538,"FALSE","Non-Native 11","Non-Native"
"11283","DashedSentence","Ambiguous",18,15833,"FALSE","Non-Native 11","Non-Native"
"11291","DashedSentence","Unambiguous",4,7409,"FALSE","Non-Native 11","Non-Native"
"11303","DashedSentence","Unambiguous",10,3810,"FALSE","Non-Native 11","Non-Native"
"11311","DashedSentence","Ambiguous",9,11164,"FALSE","Non-Native 11","Non-Native"
"11371","DashedSentence","Unambiguous",16,13710,"FALSE","Non-Native 11","Non-Native"
"11379","DashedSentence","Ambiguous",12,9526,"FALSE","Non-Native 11","Non-Native"
"11407","DashedSentence","Unambiguous",1,6370,"FALSE","Non-Native 11","Non-Native"
"11415","DashedSentence","Ambiguous",3,6460,"FALSE","Non-Native 11","Non-Native"
"11419","DashedSentence","Ambiguous",6,5442,"FALSE","Non-Native 11","Non-Native"
"11439","DashedSentence","Unambiguous",12,8072,"FALSE","Non-Native 12","Non-Native"
"11487","DashedSentence","Ambiguous",11,8443,"FALSE","Non-Native 12","Non-Native"
"11491","DashedSentence","Ambiguous",8,10790,"FALSE","Non-Native 12","Non-Native"
"11499","DashedSentence","Unambiguous",15,10496,"FALSE","Non-Native 12","Non-Native"
"11567","DashedSentence","Ambiguous",5,15510,"FALSE","Non-Native 12","Non-Native"
"11575","DashedSentence","Ambiguous",14,6824,"FALSE","Non-Native 12","Non-Native"
"11587","DashedSentence","Ambiguous",2,9402,"FALSE","Non-Native 12","Non-Native"
"11591","DashedSentence","Unambiguous",3,12658,"FALSE","Non-Native 12","Non-Native"
"11611","DashedSentence","Ambiguous",17,4032,"FALSE","Non-Native 12","Non-Native"
"11619","DashedSentence","Unambiguous",18,10349,"FALSE","Non-Native 12","Non-Native"
"11639","DashedSentence","Unambiguous",6,14173,"FALSE","Non-Native 12","Non-Native"
"11643","DashedSentence","Unambiguous",9,9994,"FALSE","Non-Native 12","Non-Native"
"11657","DashedSentence","Ambiguous",16,10626,"FALSE","Non-Native 13","Non-Native"
"11693","DashedSentence","Unambiguous",11,4882,"FALSE","Non-Native 13","Non-Native"
"11741","DashedSentence","Unambiguous",5,2637,"FALSE","Non-Native 13","Non-Native"
"11745","DashedSentence","Unambiguous",17,2973,"FALSE","Non-Native 13","Non-Native"
"11749","DashedSentence","Unambiguous",2,2555,"FALSE","Non-Native 13","Non-Native"
"11765","DashedSentence","Unambiguous",8,3119,"FALSE","Non-Native 13","Non-Native"
"11773","DashedSentence","Unambiguous",14,2382,"FALSE","Non-Native 13","Non-Native"
"11789","DashedSentence","Ambiguous",10,3592,"FALSE","Non-Native 13","Non-Native"
"11797","DashedSentence","Ambiguous",13,4921,"FALSE","Non-Native 13","Non-Native"
"11813","DashedSentence","Ambiguous",1,3013,"FALSE","Non-Native 13","Non-Native"
"11853","DashedSentence","Ambiguous",7,4081,"FALSE","Non-Native 13","Non-Native"
"11857","DashedSentence","Ambiguous",4,3155,"FALSE","Non-Native 13","Non-Native"
"11903","DashedSentence","Ambiguous",3,3043,"FALSE","Non-Native 14","Non-Native"
"11915","DashedSentence","Ambiguous",18,11295,"FALSE","Non-Native 14","Non-Native"
"11923","DashedSentence","Ambiguous",12,11394,"FALSE","Non-Native 14","Non-Native"
"11951","DashedSentence","Ambiguous",6,11130,"FALSE","Non-Native 14","Non-Native"
"11963","DashedSentence","Unambiguous",4,14190,"FALSE","Non-Native 14","Non-Native"
"11983","DashedSentence","Ambiguous",9,16476,"FALSE","Non-Native 14","Non-Native"
"11991","DashedSentence","Ambiguous",15,12752,"FALSE","Non-Native 14","Non-Native"
"12039","DashedSentence","Unambiguous",10,7846,"FALSE","Non-Native 14","Non-Native"
"12071","DashedSentence","Unambiguous",13,5378,"FALSE","Non-Native 14","Non-Native"
"12075","DashedSentence","Unambiguous",16,7481,"FALSE","Non-Native 14","Non-Native"
"12083","DashedSentence","Unambiguous",7,15263,"FALSE","Non-Native 14","Non-Native"
"12087","DashedSentence","Unambiguous",1,8365,"FALSE","Non-Native 14","Non-Native"
"12121","DashedSentence","Unambiguous",18,10937,"FALSE","Non-Native 15","Non-Native"
"12137","DashedSentence","Unambiguous",3,10619,"FALSE","Non-Native 15","Non-Native"
"12145","DashedSentence","Unambiguous",15,16221,"FALSE","Non-Native 15","Non-Native"
"12157","DashedSentence","Ambiguous",11,7863,"FALSE","Non-Native 15","Non-Native"
"12169","DashedSentence","Ambiguous",14,7085,"FALSE","Non-Native 15","Non-Native"
"12177","DashedSentence","Unambiguous",12,9963,"FALSE","Non-Native 15","Non-Native"
"12233","DashedSentence","Ambiguous",8,13234,"FALSE","Non-Native 15","Non-Native"
"12237","DashedSentence","Ambiguous",17,6312,"FALSE","Non-Native 15","Non-Native"
"12241","DashedSentence","Ambiguous",5,8687,"FALSE","Non-Native 15","Non-Native"
"12269","DashedSentence","Unambiguous",6,7076,"FALSE","Non-Native 15","Non-Native"
"12305","DashedSentence","Ambiguous",2,10459,"FALSE","Non-Native 15","Non-Native"
"12317","DashedSentence","Unambiguous",9,6239,"FALSE","Non-Native 15","Non-Native"
"12335","DashedSentence","Ambiguous",1,4606,"FALSE","Non-Native 16","Non-Native"
"12355","DashedSentence","Ambiguous",16,7215,"FALSE","Non-Native 16","Non-Native"
"12359","DashedSentence","Unambiguous",2,4872,"FALSE","Non-Native 16","Non-Native"
"12375","DashedSentence","Unambiguous",14,9482,"FALSE","Non-Native 16","Non-Native"
"12407","DashedSentence","Unambiguous",8,5796,"FALSE","Non-Native 16","Non-Native"
"12427","DashedSentence","Ambiguous",4,3412,"FALSE","Non-Native 16","Non-Native"
"12431","DashedSentence","Unambiguous",11,14207,"FALSE","Non-Native 16","Non-Native"
"12447","DashedSentence","Ambiguous",10,6860,"FALSE","Non-Native 16","Non-Native"
"12451","DashedSentence","Ambiguous",13,6302,"FALSE","Non-Native 16","Non-Native"
"12487","DashedSentence","Ambiguous",7,7335,"FALSE","Non-Native 16","Non-Native"
"12511","DashedSentence","Unambiguous",5,10179,"FALSE","Non-Native 16","Non-Native"
"12523","DashedSentence","Unambiguous",17,4540,"FALSE","Non-Native 16","Non-Native"
"12573","DashedSentence","Ambiguous",6,5075,"FALSE","Non-Native 17","Non-Native"
"12581","DashedSentence","Ambiguous",12,5754,"FALSE","Non-Native 17","Non-Native"
"12589","DashedSentence","Unambiguous",7,5421,"FALSE","Non-Native 17","Non-Native"
"12605","DashedSentence","Unambiguous",16,4801,"FALSE","Non-Native 17","Non-Native"
"12625","DashedSentence","Unambiguous",13,4699,"FALSE","Non-Native 17","Non-Native"
"12649","DashedSentence","Ambiguous",18,4621,"FALSE","Non-Native 17","Non-Native"
"12661","DashedSentence","Unambiguous",1,4488,"FALSE","Non-Native 17","Non-Native"
"12665","DashedSentence","Ambiguous",15,6073,"FALSE","Non-Native 17","Non-Native"
"12669","DashedSentence","Unambiguous",4,4549,"FALSE","Non-Native 17","Non-Native"
"12681","DashedSentence","Ambiguous",9,7596,"FALSE","Non-Native 17","Non-Native"
"12685","DashedSentence","Ambiguous",3,5003,"FALSE","Non-Native 17","Non-Native"
"12737","DashedSentence","Unambiguous",10,6575,"FALSE","Non-Native 17","Non-Native"
"12807","DashedSentence","Unambiguous",6,6141,"FALSE","Non-Native 18","Non-Native"
"12847","DashedSentence","Ambiguous",2,3992,"FALSE","Non-Native 18","Non-Native"
"12851","DashedSentence","Ambiguous",14,4330,"FALSE","Non-Native 18","Non-Native"
"12859","DashedSentence","Ambiguous",8,4208,"FALSE","Non-Native 18","Non-Native"
"12879","DashedSentence","Ambiguous",5,9090,"FALSE","Non-Native 18","Non-Native"
"12891","DashedSentence","Unambiguous",9,4033,"FALSE","Non-Native 18","Non-Native"
"12931","DashedSentence","Ambiguous",17,5211,"FALSE","Non-Native 18","Non-Native"
"12935","DashedSentence","Unambiguous",18,9549,"FALSE","Non-Native 18","Non-Native"
"12947","DashedSentence","Unambiguous",15,4642,"FALSE","Non-Native 18","Non-Native"
"12955","DashedSentence","Unambiguous",12,7011,"FALSE","Non-Native 18","Non-Native"
"12959","DashedSentence","Unambiguous",3,4135,"FALSE","Non-Native 18","Non-Native"
"12987","DashedSentence","Ambiguous",11,3598,"FALSE","Non-Native 18","Non-Native"
"13025","DashedSentence","Unambiguous",17,10383,"FALSE","Non-Native 19","Non-Native"
"13061","DashedSentence","Ambiguous",4,12312,"FALSE","Non-Native 19","Non-Native"
"13065","DashedSentence","Unambiguous",5,15998,"FALSE","Non-Native 19","Non-Native"
"13081","DashedSentence","Ambiguous",16,8319,"FALSE","Non-Native 19","Non-Native"
"13085","DashedSentence","Unambiguous",11,13512,"FALSE","Non-Native 19","Non-Native"
"13125","DashedSentence","Ambiguous",10,13878,"FALSE","Non-Native 19","Non-Native"
"13137","DashedSentence","Ambiguous",1,13494,"FALSE","Non-Native 19","Non-Native"
"13141","DashedSentence","Ambiguous",7,3147,"FALSE","Non-Native 19","Non-Native"
"13165","DashedSentence","Unambiguous",8,9707,"FALSE","Non-Native 19","Non-Native"
"13177","DashedSentence","Ambiguous",13,9738,"FALSE","Non-Native 19","Non-Native"
"13193","DashedSentence","Unambiguous",14,4284,"FALSE","Non-Native 19","Non-Native"
"13209","DashedSentence","Unambiguous",2,4215,"FALSE","Non-Native 19","Non-Native"
"13237","DashedSentence","Ambiguous",3,4801,"FALSE","Non-Native 20","Non-Native"
"13253","DashedSentence","Ambiguous",15,8504,"FALSE","Non-Native 20","Non-Native"
"13261","DashedSentence","Unambiguous",4,2812,"FALSE","Non-Native 20","Non-Native"
"13265","DashedSentence","Ambiguous",9,12553,"FALSE","Non-Native 20","Non-Native"
"13281","DashedSentence","Unambiguous",7,3951,"FALSE","Non-Native 20","Non-Native"
"13289","DashedSentence","Unambiguous",10,4255,"FALSE","Non-Native 20","Non-Native"
"13297","DashedSentence","Ambiguous",12,2171,"FALSE","Non-Native 20","Non-Native"
"13329","DashedSentence","Unambiguous",1,3670,"FALSE","Non-Native 20","Non-Native"
"13349","DashedSentence","Ambiguous",18,7573,"FALSE","Non-Native 20","Non-Native"
"13393","DashedSentence","Unambiguous",16,3086,"FALSE","Non-Native 20","Non-Native"
"13405","DashedSentence","Ambiguous",6,3807,"FALSE","Non-Native 20","Non-Native"
"13429","DashedSentence","Unambiguous",13,5691,"FALSE","Non-Native 20","Non-Native"
"13473","DashedSentence","Unambiguous",15,8756,"FALSE","Non-Native 21","Non-Native"
"13493","DashedSentence","Ambiguous",11,4894,"FALSE","Non-Native 21","Non-Native"
"13521","DashedSentence","Ambiguous",14,6554,"FALSE","Non-Native 21","Non-Native"
"13533","DashedSentence","Unambiguous",12,3589,"FALSE","Non-Native 21","Non-Native"
"13557","DashedSentence","Ambiguous",5,6190,"FALSE","Non-Native 21","Non-Native"
"13561","DashedSentence","Unambiguous",18,8017,"FALSE","Non-Native 21","Non-Native"
"13565","DashedSentence","Ambiguous",2,7958,"FALSE","Non-Native 21","Non-Native"
"13605","DashedSentence","Unambiguous",6,4820,"FALSE","Non-Native 21","Non-Native"
"13609","DashedSentence","Unambiguous",3,4273,"FALSE","Non-Native 21","Non-Native"
"13629","DashedSentence","Ambiguous",8,6069,"FALSE","Non-Native 21","Non-Native"
"13633","DashedSentence","Ambiguous",17,5820,"FALSE","Non-Native 21","Non-Native"
"13641","DashedSentence","Unambiguous",9,6043,"FALSE","Non-Native 21","Non-Native"
"13695","DashedSentence","Unambiguous",14,11772,"FALSE","Non-Native 22","Non-Native"
"13715","DashedSentence","Ambiguous",7,14252,"FALSE","Non-Native 22","Non-Native"
"13719","DashedSentence","Ambiguous",1,5725,"FALSE","Non-Native 22","Non-Native"
"13731","DashedSentence","Unambiguous",5,7925,"FALSE","Non-Native 22","Non-Native"
"13735","DashedSentence","Ambiguous",13,19483,"FALSE","Non-Native 22","Non-Native"
"13759","DashedSentence","Unambiguous",11,4822,"FALSE","Non-Native 22","Non-Native"
"13767","DashedSentence","Unambiguous",2,5927,"FALSE","Non-Native 22","Non-Native"
"13783","DashedSentence","Ambiguous",10,13351,"FALSE","Non-Native 22","Non-Native"
"13803","DashedSentence","Unambiguous",17,4992,"FALSE","Non-Native 22","Non-Native"
"13811","DashedSentence","Ambiguous",16,8162,"FALSE","Non-Native 22","Non-Native"
"13827","DashedSentence","Ambiguous",4,4849,"FALSE","Non-Native 22","Non-Native"
"13879","DashedSentence","Unambiguous",8,5241,"FALSE","Non-Native 22","Non-Native"
"13897","DashedSentence","Unambiguous",7,7750,"FALSE","Non-Native 23","Non-Native"
"13917","DashedSentence","Ambiguous",3,5578,"FALSE","Non-Native 23","Non-Native"
"13921","DashedSentence","Ambiguous",18,15322,"FALSE","Non-Native 23","Non-Native"
"13929","DashedSentence","Ambiguous",15,18716,"FALSE","Non-Native 23","Non-Native"
"13993","DashedSentence","Unambiguous",10,8393,"FALSE","Non-Native 23","Non-Native"
"14001","DashedSentence","Unambiguous",16,6532,"FALSE","Non-Native 23","Non-Native"
"14021","DashedSentence","Ambiguous",9,5406,"FALSE","Non-Native 23","Non-Native"
"14025","DashedSentence","Ambiguous",6,4777,"FALSE","Non-Native 23","Non-Native"
"14033","DashedSentence","Ambiguous",12,7959,"FALSE","Non-Native 23","Non-Native"
"14069","DashedSentence","Unambiguous",4,4141,"FALSE","Non-Native 23","Non-Native"
"14081","DashedSentence","Unambiguous",13,5550,"FALSE","Non-Native 23","Non-Native"
"14097","DashedSentence","Unambiguous",1,9812,"FALSE","Non-Native 23","Non-Native"
"14121","DashedSentence","Ambiguous",14,5731,"FALSE","Non-Native 24","Non-Native"
"14141","DashedSentence","Unambiguous",15,8897,"FALSE","Non-Native 24","Non-Native"
"14149","DashedSentence","Ambiguous",8,7881,"FALSE","Non-Native 24","Non-Native"
"14205","DashedSentence","Unambiguous",9,10297,"FALSE","Non-Native 24","Non-Native"
"14237","DashedSentence","Unambiguous",6,11949,"FALSE","Non-Native 24","Non-Native"
"14257","DashedSentence","Ambiguous",17,11657,"FALSE","Non-Native 24","Non-Native"
"14281","DashedSentence","Unambiguous",3,7253,"FALSE","Non-Native 24","Non-Native"
"14289","DashedSentence","Unambiguous",12,6429,"FALSE","Non-Native 24","Non-Native"
"14313","DashedSentence","Ambiguous",2,13765,"FALSE","Non-Native 24","Non-Native"
"14321","DashedSentence","Unambiguous",18,7726,"FALSE","Non-Native 24","Non-Native"
"14329","DashedSentence","Ambiguous",5,6156,"FALSE","Non-Native 24","Non-Native"
"14333","DashedSentence","Ambiguous",11,10145,"FALSE","Non-Native 24","Non-Native"
"14349","DashedSentence","Unambiguous",8,5086,"FALSE","Non-Native 25","Non-Native"
"14365","DashedSentence","Ambiguous",10,12118,"FALSE","Non-Native 25","Non-Native"
"14449","DashedSentence","Unambiguous",5,3500,"FALSE","Non-Native 25","Non-Native"
"14465","DashedSentence","Unambiguous",17,6381,"FALSE","Non-Native 25","Non-Native"
"14485","DashedSentence","Ambiguous",16,4918,"FALSE","Non-Native 25","Non-Native"
"14493","DashedSentence","Unambiguous",14,4508,"FALSE","Non-Native 25","Non-Native"
"14505","DashedSentence","Ambiguous",4,4383,"FALSE","Non-Native 25","Non-Native"
"14509","DashedSentence","Ambiguous",7,5092,"FALSE","Non-Native 25","Non-Native"
"14537","DashedSentence","Ambiguous",13,4566,"FALSE","Non-Native 25","Non-Native"
"14545","DashedSentence","Unambiguous",2,4191,"FALSE","Non-Native 25","Non-Native"
"14549","DashedSentence","Unambiguous",11,3708,"FALSE","Non-Native 25","Non-Native"
"14553","DashedSentence","Ambiguous",1,4681,"FALSE","Non-Native 25","Non-Native"
"14577","DashedSentence","Ambiguous",6,12117,"FALSE","Non-Native 26","Non-Native"
"14585","DashedSentence","Unambiguous",4,7457,"FALSE","Non-Native 26","Non-Native"
"14633","DashedSentence","Ambiguous",3,7207,"FALSE","Non-Native 26","Non-Native"
"14653","DashedSentence","Ambiguous",15,7278,"FALSE","Non-Native 26","Non-Native"
"14669","DashedSentence","Ambiguous",12,4582,"FALSE","Non-Native 26","Non-Native"
"14713","DashedSentence","Unambiguous",13,5360,"FALSE","Non-Native 26","Non-Native"
"14733","DashedSentence","Ambiguous",18,4678,"FALSE","Non-Native 26","Non-Native"
"14737","DashedSentence","Unambiguous",1,4426,"FALSE","Non-Native 26","Non-Native"
"14757","DashedSentence","Ambiguous",9,4769,"FALSE","Non-Native 26","Non-Native"
"14769","DashedSentence","Unambiguous",16,3761,"FALSE","Non-Native 26","Non-Native"
"14777","DashedSentence","Unambiguous",7,5786,"FALSE","Non-Native 26","Non-Native"
"14781","DashedSentence","Unambiguous",10,5511,"FALSE","Non-Native 26","Non-Native"
"14821","DashedSentence","Unambiguous",18,12557,"FALSE","Non-Native 27","Non-Native"
"14849","DashedSentence","Unambiguous",3,6264,"FALSE","Non-Native 27","Non-Native"
"14853","DashedSentence","Ambiguous",2,5381,"FALSE","Non-Native 27","Non-Native"
"14857","DashedSentence","Ambiguous",14,3713,"FALSE","Non-Native 27","Non-Native"
"14861","DashedSentence","Ambiguous",11,8261,"FALSE","Non-Native 27","Non-Native"
"14881","DashedSentence","Unambiguous",15,4149,"FALSE","Non-Native 27","Non-Native"
"14889","DashedSentence","Unambiguous",12,7188,"FALSE","Non-Native 27","Non-Native"
"14957","DashedSentence","Ambiguous",8,7267,"FALSE","Non-Native 27","Non-Native"
"14961","DashedSentence","Unambiguous",9,7278,"FALSE","Non-Native 27","Non-Native"
"14977","DashedSentence","Ambiguous",17,5817,"FALSE","Non-Native 27","Non-Native"
"14985","DashedSentence","Ambiguous",5,4704,"FALSE","Non-Native 27","Non-Native"
"15001","DashedSentence","Unambiguous",6,4089,"FALSE","Non-Native 27","Non-Native"
"15025","DashedSentence","Unambiguous",2,5326,"FALSE","Non-Native 28","Non-Native"
"15037","DashedSentence","Unambiguous",17,8103,"FALSE","Non-Native 28","Non-Native"
"15057","DashedSentence","Unambiguous",8,8145,"FALSE","Non-Native 28","Non-Native"
"15097","DashedSentence","Unambiguous",5,252,"FALSE","Non-Native 28","Non-Native"
"15125","DashedSentence","Ambiguous",4,12393,"FALSE","Non-Native 28","Non-Native"
"15149","DashedSentence","Unambiguous",11,9865,"FALSE","Non-Native 28","Non-Native"
"15157","DashedSentence","Unambiguous",14,5089,"FALSE","Non-Native 28","Non-Native"
"15165","DashedSentence","Ambiguous",1,5262,"FALSE","Non-Native 28","Non-Native"
"15173","DashedSentence","Ambiguous",7,6085,"FALSE","Non-Native 28","Non-Native"
"15201","DashedSentence","Ambiguous",10,8603,"FALSE","Non-Native 28","Non-Native"
"15209","DashedSentence","Ambiguous",16,8717,"FALSE","Non-Native 28","Non-Native"
"15225","DashedSentence","Ambiguous",13,6713,"FALSE","Non-Native 28","Non-Native"
"15247","DashedSentence","Unambiguous",13,6822,"FALSE","Non-Native 29","Non-Native"
"15259","DashedSentence","Ambiguous",6,8005,"FALSE","Non-Native 29","Non-Native"
"15271","DashedSentence","Unambiguous",16,9678,"FALSE","Non-Native 29","Non-Native"
"15307","DashedSentence","Ambiguous",9,5136,"FALSE","Non-Native 29","Non-Native"
"15331","DashedSentence","Ambiguous",15,7081,"FALSE","Non-Native 29","Non-Native"
"15335","DashedSentence","Unambiguous",1,3694,"FALSE","Non-Native 29","Non-Native"
"15379","DashedSentence","Ambiguous",18,5837,"FALSE","Non-Native 29","Non-Native"
"15415","DashedSentence","Unambiguous",10,4941,"FALSE","Non-Native 29","Non-Native"
"15443","DashedSentence","Unambiguous",7,4223,"FALSE","Non-Native 29","Non-Native"
"15447","DashedSentence","Ambiguous",3,3158,"FALSE","Non-Native 29","Non-Native"
"15451","DashedSentence","Unambiguous",4,4591,"FALSE","Non-Native 29","Non-Native"
"15455","DashedSentence","Ambiguous",12,6313,"FALSE","Non-Native 29","Non-Native"
"15465","DashedSentence","Ambiguous",14,9950,"FALSE","Non-Native 30","Non-Native"
"15473","DashedSentence","Unambiguous",6,4358,"FALSE","Non-Native 30","Non-Native"
"15529","DashedSentence","Ambiguous",17,3478,"FALSE","Non-Native 30","Non-Native"
"15533","DashedSentence","Unambiguous",15,2561,"FALSE","Non-Native 30","Non-Native"
"15549","DashedSentence","Ambiguous",5,3626,"FALSE","Non-Native 30","Non-Native"
"15565","DashedSentence","Unambiguous",12,13309,"FALSE","Non-Native 30","Non-Native"
"15589","DashedSentence","Ambiguous",8,7749,"FALSE","Non-Native 30","Non-Native"
"15609","DashedSentence","Ambiguous",11,4874,"FALSE","Non-Native 30","Non-Native"
"15621","DashedSentence","Unambiguous",18,3990,"FALSE","Non-Native 30","Non-Native"
"15629","DashedSentence","Unambiguous",3,2336,"FALSE","Non-Native 30","Non-Native"
"15669","DashedSentence","Ambiguous",2,6694,"FALSE","Non-Native 30","Non-Native"
"15677","DashedSentence","Unambiguous",9,5344,"FALSE","Non-Native 30","Non-Native"
"15691","DashedSentence","Ambiguous",10,14800,"FALSE","Non-Native 31","Non-Native"
"15695","DashedSentence","Ambiguous",4,7804,"FALSE","Non-Native 31","Non-Native"
"15715","DashedSentence","Unambiguous",11,17197,"FALSE","Non-Native 31","Non-Native"
"15743","DashedSentence","Unambiguous",17,10770,"FALSE","Non-Native 31","Non-Native"
"15755","DashedSentence","Unambiguous",5,9212,"FALSE","Non-Native 31","Non-Native"
"15763","DashedSentence","Ambiguous",16,11552,"FALSE","Non-Native 31","Non-Native"
"15775","DashedSentence","Unambiguous",8,10943,"FALSE","Non-Native 31","Non-Native"
"15783","DashedSentence","Ambiguous",7,17055,"FALSE","Non-Native 31","Non-Native"
"15811","DashedSentence","Unambiguous",14,9723,"FALSE","Non-Native 31","Non-Native"
"15859","DashedSentence","Unambiguous",2,13798,"FALSE","Non-Native 31","Non-Native"
"15871","DashedSentence","Ambiguous",1,21353,"FALSE","Non-Native 31","Non-Native"
"15879","DashedSentence","Ambiguous",13,18692,"FALSE","Non-Native 31","Non-Native"
"15919","DashedSentence","Ambiguous",6,10838,"FALSE","Non-Native 32","Non-Native"
"15943","DashedSentence","Unambiguous",10,6143,"FALSE","Non-Native 32","Non-Native"
"15955","DashedSentence","Unambiguous",7,8023,"FALSE","Non-Native 32","Non-Native"
"15967","DashedSentence","Ambiguous",15,4760,"FALSE","Non-Native 32","Non-Native"
"15971","DashedSentence","Unambiguous",16,3840,"FALSE","Non-Native 32","Non-Native"
"15979","DashedSentence","Ambiguous",3,13327,"FALSE","Non-Native 32","Non-Native"
"15995","DashedSentence","Ambiguous",9,4138,"FALSE","Non-Native 32","Non-Native"
"16055","DashedSentence","Unambiguous",4,10327,"FALSE","Non-Native 32","Non-Native"
"16071","DashedSentence","Ambiguous",18,5761,"FALSE","Non-Native 32","Non-Native"
"16083","DashedSentence","Unambiguous",13,5918,"FALSE","Non-Native 32","Non-Native"
"16103","DashedSentence","Unambiguous",1,4637,"FALSE","Non-Native 32","Non-Native"
"16111","DashedSentence","Ambiguous",12,7713,"FALSE","Non-Native 32","Non-Native"
"16145","DashedSentence","Ambiguous",2,5938,"FALSE","Non-Native 33","Non-Native"
"16165","DashedSentence","Ambiguous",11,5603,"FALSE","Non-Native 33","Non-Native"
"16197","DashedSentence","Unambiguous",15,4058,"FALSE","Non-Native 33","Non-Native"
"16229","DashedSentence","Unambiguous",12,3034,"FALSE","Non-Native 33","Non-Native"
"16245","DashedSentence","Unambiguous",18,6400,"FALSE","Non-Native 33","Non-Native"
"16253","DashedSentence","Ambiguous",14,5781,"FALSE","Non-Native 33","Non-Native"
"16265","DashedSentence","Ambiguous",5,5733,"FALSE","Non-Native 33","Non-Native"
"16273","DashedSentence","Unambiguous",3,4769,"FALSE","Non-Native 33","Non-Native"
"16277","DashedSentence","Unambiguous",6,4430,"FALSE","Non-Native 33","Non-Native"
"16285","DashedSentence","Ambiguous",17,5590,"FALSE","Non-Native 33","Non-Native"
"16305","DashedSentence","Unambiguous",9,4718,"FALSE","Non-Native 33","Non-Native"
"16325","DashedSentence","Ambiguous",8,4106,"FALSE","Non-Native 33","Non-Native"
"16371","DashedSentence","Ambiguous",4,11262,"FALSE","Non-Native 34","Non-Native"
"16395","DashedSentence","Ambiguous",16,21047,"FALSE","Non-Native 34","Non-Native"
"16399","DashedSentence","Unambiguous",11,23208,"FALSE","Non-Native 34","Non-Native"
"16423","DashedSentence","Ambiguous",10,4944,"FALSE","Non-Native 34","Non-Native"
"16463","DashedSentence","Unambiguous",2,5410,"FALSE","Non-Native 34","Non-Native"
"16479","DashedSentence","Unambiguous",17,8793,"FALSE","Non-Native 34","Non-Native"
"16483","DashedSentence","Unambiguous",14,2571,"FALSE","Non-Native 34","Non-Native"
"16499","DashedSentence","Ambiguous",7,10730,"FALSE","Non-Native 34","Non-Native"
"16519","DashedSentence","Ambiguous",13,3644,"FALSE","Non-Native 34","Non-Native"
"16535","DashedSentence","Unambiguous",5,3579,"FALSE","Non-Native 34","Non-Native"
"16547","DashedSentence","Unambiguous",8,22158,"FALSE","Non-Native 34","Non-Native"
"16575","DashedSentence","Ambiguous",1,10295,"FALSE","Non-Native 34","Non-Native"
"16593","DashedSentence","Ambiguous",9,10304,"FALSE","Non-Native 35","Non-Native"
"16609","DashedSentence","Unambiguous",10,6101,"FALSE","Non-Native 35","Non-Native"
"16617","DashedSentence","Unambiguous",13,8046,"FALSE","Non-Native 35","Non-Native"
"16629","DashedSentence","Ambiguous",6,4021,"FALSE","Non-Native 35","Non-Native"
"16633","DashedSentence","Ambiguous",3,13453,"FALSE","Non-Native 35","Non-Native"
"16641","DashedSentence","Ambiguous",18,15007,"FALSE","Non-Native 35","Non-Native"
"16649","DashedSentence","Unambiguous",16,4477,"FALSE","Non-Native 35","Non-Native"
"16661","DashedSentence","Unambiguous",4,5889,"FALSE","Non-Native 35","Non-Native"
"16673","DashedSentence","Ambiguous",12,3895,"FALSE","Non-Native 35","Non-Native"
"16685","DashedSentence","Ambiguous",15,18955,"FALSE","Non-Native 35","Non-Native"
"16713","DashedSentence","Unambiguous",1,5108,"FALSE","Non-Native 35","Non-Native"
"16737","DashedSentence","Unambiguous",7,5208,"FALSE","Non-Native 35","Non-Native"
"16835","DashedSentence","Ambiguous",14,8776,"FALSE","Non-Native 36","Non-Native"
"16843","DashedSentence","Unambiguous",12,11915,"FALSE","Non-Native 36","Non-Native"
"16863","DashedSentence","Ambiguous",17,10077,"FALSE","Non-Native 36","Non-Native"
"16875","DashedSentence","Unambiguous",15,15226,"FALSE","Non-Native 36","Non-Native"
"16891","DashedSentence","Ambiguous",5,6823,"FALSE","Non-Native 36","Non-Native"
"16911","DashedSentence","Unambiguous",18,24458,"FALSE","Non-Native 36","Non-Native"
"16923","DashedSentence","Unambiguous",3,5411,"FALSE","Non-Native 36","Non-Native"
"16955","DashedSentence","Unambiguous",6,2911,"FALSE","Non-Native 36","Non-Native"
"16971","DashedSentence","Ambiguous",2,5345,"FALSE","Non-Native 36","Non-Native"
"16983","DashedSentence","Ambiguous",11,8180,"FALSE","Non-Native 36","Non-Native"
"16995","DashedSentence","Ambiguous",8,3457,"FALSE","Non-Native 36","Non-Native"
"17007","DashedSentence","Unambiguous",9,8170,"FALSE","Non-Native 36","Non-Native"
"17037","DashedSentence","Ambiguous",13,4837,"FALSE","Non-Native 37","Non-Native"
"17069","DashedSentence","Ambiguous",16,5656,"FALSE","Non-Native 37","Non-Native"
"17081","DashedSentence","Ambiguous",7,6527,"FALSE","Non-Native 37","Non-Native"
"17105","DashedSentence","Ambiguous",4,3183,"FALSE","Non-Native 37","Non-Native"
"17121","DashedSentence","Unambiguous",2,8416,"FALSE","Non-Native 37","Non-Native"
"17133","DashedSentence","Unambiguous",8,5366,"FALSE","Non-Native 37","Non-Native"
"17145","DashedSentence","Unambiguous",17,2710,"FALSE","Non-Native 37","Non-Native"
"17161","DashedSentence","Unambiguous",11,3679,"FALSE","Non-Native 37","Non-Native"
"17169","DashedSentence","Unambiguous",5,3587,"FALSE","Non-Native 37","Non-Native"
"17173","DashedSentence","Unambiguous",14,3080,"FALSE","Non-Native 37","Non-Native"
"17177","DashedSentence","Ambiguous",10,4621,"FALSE","Non-Native 37","Non-Native"
"17217","DashedSentence","Ambiguous",1,3268,"FALSE","Non-Native 37","Non-Native"
"17265","DashedSentence","Unambiguous",13,8454,"FALSE","Non-Native 38","Non-Native"
"17293","DashedSentence","Ambiguous",9,11027,"FALSE","Non-Native 38","Non-Native"
"17317","DashedSentence","Ambiguous",3,12209,"FALSE","Non-Native 38","Non-Native"
"17341","DashedSentence","Ambiguous",12,6207,"FALSE","Non-Native 38","Non-Native"
"17357","DashedSentence","Unambiguous",1,7177,"FALSE","Non-Native 38","Non-Native"
"17361","DashedSentence","Ambiguous",6,6842,"FALSE","Non-Native 38","Non-Native"
"17373","DashedSentence","Unambiguous",10,7983,"FALSE","Non-Native 38","Non-Native"
"17393","DashedSentence","Unambiguous",7,8224,"FALSE","Non-Native 38","Non-Native"
"17421","DashedSentence","Ambiguous",18,4863,"FALSE","Non-Native 38","Non-Native"
"17429","DashedSentence","Unambiguous",16,6592,"FALSE","Non-Native 38","Non-Native"
"17441","DashedSentence","Unambiguous",4,5150,"FALSE","Non-Native 38","Non-Native"
"17469","DashedSentence","Ambiguous",15,6964,"FALSE","Non-Native 38","Non-Native"
"17481","DashedSentence","Unambiguous",18,251,"FALSE","Non-Native 39","Non-Native"
"17505","DashedSentence","Unambiguous",12,4973,"FALSE","Non-Native 39","Non-Native"
"17529","DashedSentence","Ambiguous",11,13817,"FALSE","Non-Native 39","Non-Native"
"17569","DashedSentence","Ambiguous",2,12717,"FALSE","Non-Native 39","Non-Native"
"17585","DashedSentence","Unambiguous",15,7426,"FALSE","Non-Native 39","Non-Native"
"17637","DashedSentence","Ambiguous",17,6236,"FALSE","Non-Native 39","Non-Native"
"17665","DashedSentence","Unambiguous",9,4187,"FALSE","Non-Native 39","Non-Native"
"17669","DashedSentence","Unambiguous",6,4885,"FALSE","Non-Native 39","Non-Native"
"17673","DashedSentence","Ambiguous",8,4908,"FALSE","Non-Native 39","Non-Native"
"17677","DashedSentence","Unambiguous",3,8827,"FALSE","Non-Native 39","Non-Native"
"17689","DashedSentence","Ambiguous",5,10282,"FALSE","Non-Native 39","Non-Native"
"17693","DashedSentence","Ambiguous",14,4157,"FALSE","Non-Native 39","Non-Native"
"17769","DashedSentence","Unambiguous",14,7955,"FALSE","Non-Native 40","Non-Native"
"17773","DashedSentence","Unambiguous",17,5265,"FALSE","Non-Native 40","Non-Native"
"17777","DashedSentence","Ambiguous",7,8254,"FALSE","Non-Native 40","Non-Native"
"17797","DashedSentence","Ambiguous",10,12295,"FALSE","Non-Native 40","Non-Native"
"17805","DashedSentence","Unambiguous",11,5134,"FALSE","Non-Native 40","Non-Native"
"17845","DashedSentence","Ambiguous",13,5474,"FALSE","Non-Native 40","Non-Native"
"17853","DashedSentence","Ambiguous",16,8447,"FALSE","Non-Native 40","Non-Native"
"17865","DashedSentence","Ambiguous",1,6791,"FALSE","Non-Native 40","Non-Native"
"17873","DashedSentence","Unambiguous",2,7031,"FALSE","Non-Native 40","Non-Native"
"17885","DashedSentence","Unambiguous",5,5412,"FALSE","Non-Native 40","Non-Native"
"17893","DashedSentence","Ambiguous",4,5829,"FALSE","Non-Native 40","Non-Native"
"17897","DashedSentence","Unambiguous",8,10530,"FALSE","Non-Native 40","Non-Native"
